<?xml version="1.0" encoding="UTF-8"?>
<package id="1" uuid="d79c8994-eb5a-4da9-a248-83f307e60a20">
  <dateCreated id="2">2017-03-12 06:14:33</dateCreated>
  <name>priority</name>
  <description>role priority</description>
  <openmrsVersion>1.9.8  Build fd241c</openmrsVersion>
  <version>1</version>
  <groupUuid>0133b676-ce39-42cd-ae88-b2827b994a96</groupUuid>
  <modules id="3">
    <entry>
      <string>metadatadeploy</string>
      <string>1.5</string>
    </entry>
    <entry>
      <string>htmlformentry</string>
      <string>2.6</string>
    </entry>
    <entry>
      <string>metadatamapping</string>
      <string>1.0.2</string>
    </entry>
    <entry>
      <string>metadatasharing</string>
      <string>1.1.9</string>
    </entry>
    <entry>
      <string>patientflags</string>
      <string>1.3.4</string>
    </entry>
    <entry>
      <string>logic</string>
      <string>0.5.2</string>
    </entry>
  </modules>
  <items class="linked-hash-set" id="4">
    <org.openmrs.module.metadatasharing.Item id="5" uuid="191f7db2-a69a-4f9a-abc6-97744822b34f">
      <id>2</id>
      <classname>org.openmrs.module.patientflags.Priority</classname>
      <dateChanged id="6">2017-03-12 04:59:05</dateChanged>
      <retired>false</retired>
    </org.openmrs.module.metadatasharing.Item>
    <org.openmrs.module.metadatasharing.Item id="7" uuid="a0a09ef6-8ecd-46e7-8299-728cb1b92104">
      <id>1</id>
      <classname>org.openmrs.module.patientflags.Priority</classname>
      <dateChanged id="8">2017-03-12 04:58:40</dateChanged>
      <retired>false</retired>
    </org.openmrs.module.metadatasharing.Item>
  </items>
  <relatedItems class="linked-hash-set" id="9"/>
</package>
