<?xml version="1.0" encoding="UTF-8"?>
<list id="1">
  <org.openmrs.module.patientflags.Priority id="2" uuid="191f7db2-a69a-4f9a-abc6-97744822b34f">
    <creator/>
    <dateCreated id="3">2017-03-12 04:59:05</dateCreated>
    <retired>false</retired>
    <priorityId>2</priorityId>
    <name>Admin</name>
    <style>style=&quot;background-color:blue;font-size:20px;color:white&quot;</style>
    <rank>3</rank>
  </org.openmrs.module.patientflags.Priority>
  <org.openmrs.module.patientflags.Priority id="4" uuid="a0a09ef6-8ecd-46e7-8299-728cb1b92104">
    <creator/>
    <dateCreated id="5">2017-03-12 04:58:40</dateCreated>
    <retired>false</retired>
    <priorityId>1</priorityId>
    <name>Clinical</name>
    <style>style=&quot;background-color:red;font-size:20px;color:white&quot;</style>
    <rank>2</rank>
  </org.openmrs.module.patientflags.Priority>
</list>
