<?xml version="1.0" encoding="UTF-8"?>
<package id="1" uuid="cee232b4-c55a-4e86-b83d-882ae1c53f46">
  <dateCreated id="2">2017-03-12 06:07:11</dateCreated>
  <name>concepts</name>
  <description>Concept dictionary</description>
  <openmrsVersion>1.9.8  Build fd241c</openmrsVersion>
  <version>1</version>
  <groupUuid>48654f03-619e-4963-ad9c-d5e383982b20</groupUuid>
  <modules id="3">
    <entry>
      <string>metadatadeploy</string>
      <string>1.5</string>
    </entry>
    <entry>
      <string>htmlformentry</string>
      <string>2.6</string>
    </entry>
    <entry>
      <string>metadatamapping</string>
      <string>1.0.2</string>
    </entry>
    <entry>
      <string>metadatasharing</string>
      <string>1.1.9</string>
    </entry>
    <entry>
      <string>patientflags</string>
      <string>1.3.4</string>
    </entry>
    <entry>
      <string>logic</string>
      <string>0.5.2</string>
    </entry>
  </modules>
  <items class="linked-hash-set" id="4">
    <org.openmrs.module.metadatasharing.Item id="5" uuid="2a6eb1b0-c668-4d2d-afc1-8cc7f067642b">
      <id>1</id>
      <classname>org.openmrs.Concept</classname>
      <dateChanged id="6">2016-11-26 13:23:54</dateChanged>
      <retired>false</retired>
    </org.openmrs.module.metadatasharing.Item>
    <org.openmrs.module.metadatasharing.Item id="7" uuid="b3ea6597-9008-410a-b799-9d9d49c0fecf">
      <id>2</id>
      <classname>org.openmrs.Concept</classname>
      <dateChanged id="8">2016-11-26 13:23:54</dateChanged>
      <retired>false</retired>
    </org.openmrs.module.metadatasharing.Item>
  </items>
  <relatedItems class="linked-hash-set" id="9">
    <org.openmrs.module.metadatasharing.Item id="10" uuid="8d4a4c94-c2cc-11de-8d13-0010c6dffd0f">
      <id>4</id>
      <classname>org.openmrs.ConceptDatatype</classname>
      <dateChanged id="11">2004-02-01 21:00:00</dateChanged>
      <retired>false</retired>
    </org.openmrs.module.metadatasharing.Item>
    <org.openmrs.module.metadatasharing.Item id="12" uuid="8d492774-c2cc-11de-8d13-0010c6dffd0f">
      <id>11</id>
      <classname>org.openmrs.ConceptClass</classname>
      <dateChanged id="13">2004-03-01 21:00:00</dateChanged>
      <retired>false</retired>
    </org.openmrs.module.metadatasharing.Item>
    <org.openmrs.module.metadatasharing.Item id="14" uuid="c28a482b-426a-4fb0-b240-b5e5da808c74">
      <id>9</id>
      <classname>org.openmrs.ConceptName</classname>
      <dateChanged id="15">2016-10-15 16:24:48</dateChanged>
    </org.openmrs.module.metadatasharing.Item>
    <org.openmrs.module.metadatasharing.Item id="16" uuid="8152d9b7-c6ed-4714-9bad-f286b2993645">
      <id>7</id>
      <classname>org.openmrs.ConceptName</classname>
      <dateChanged id="17">2016-10-15 16:24:48</dateChanged>
    </org.openmrs.module.metadatasharing.Item>
    <org.openmrs.module.metadatasharing.Item id="18" uuid="29dda75a-d313-4d24-9faf-aad130d42d0e">
      <id>1</id>
      <classname>org.openmrs.ConceptName</classname>
      <dateChanged id="19">2016-10-15 16:24:48</dateChanged>
    </org.openmrs.module.metadatasharing.Item>
    <org.openmrs.module.metadatasharing.Item id="20" uuid="72a56120-33a1-43ad-8648-3e7e22a62022">
      <id>10</id>
      <classname>org.openmrs.ConceptName</classname>
      <dateChanged id="21">2016-10-15 16:24:48</dateChanged>
    </org.openmrs.module.metadatasharing.Item>
    <org.openmrs.module.metadatasharing.Item id="22" uuid="4f912cbc-a841-4208-aa56-8b79b43b9c90">
      <id>3</id>
      <classname>org.openmrs.ConceptName</classname>
      <dateChanged id="23">2016-10-15 16:24:48</dateChanged>
    </org.openmrs.module.metadatasharing.Item>
    <org.openmrs.module.metadatasharing.Item id="24" uuid="17f466c9-a8b0-40cf-8d26-a3a14e7901de">
      <id>5</id>
      <classname>org.openmrs.ConceptName</classname>
      <dateChanged id="25">2016-10-15 16:24:48</dateChanged>
    </org.openmrs.module.metadatasharing.Item>
    <org.openmrs.module.metadatasharing.Item id="26" uuid="def263c0-8c2c-4d3e-b87b-e8d928eca371">
      <id>4</id>
      <classname>org.openmrs.ConceptName</classname>
      <dateChanged id="27">2016-10-15 16:24:48</dateChanged>
    </org.openmrs.module.metadatasharing.Item>
    <org.openmrs.module.metadatasharing.Item id="28" uuid="4595579f-7396-499e-8106-cd2235198fc5">
      <id>6</id>
      <classname>org.openmrs.ConceptName</classname>
      <dateChanged id="29">2016-10-15 16:24:48</dateChanged>
    </org.openmrs.module.metadatasharing.Item>
    <org.openmrs.module.metadatasharing.Item id="30" uuid="d240aa54-cf36-49e7-a6a1-f1ac8c868653">
      <id>8</id>
      <classname>org.openmrs.ConceptName</classname>
      <dateChanged id="31">2016-10-15 16:24:48</dateChanged>
    </org.openmrs.module.metadatasharing.Item>
    <org.openmrs.module.metadatasharing.Item id="32" uuid="c8f14a97-ced4-4e68-bef6-908a7529e8e5">
      <id>2</id>
      <classname>org.openmrs.ConceptName</classname>
      <dateChanged id="33">2016-10-15 16:24:48</dateChanged>
    </org.openmrs.module.metadatasharing.Item>
    <org.openmrs.module.metadatasharing.Item id="34" uuid="081bbc5d-b4c7-4fcd-b3d9-f872117fe003">
      <id>14</id>
      <classname>org.openmrs.ConceptName</classname>
      <dateChanged id="35">2016-10-15 16:24:48</dateChanged>
    </org.openmrs.module.metadatasharing.Item>
    <org.openmrs.module.metadatasharing.Item id="36" uuid="110e99d0-71cf-45c9-b949-a117acd10077">
      <id>20</id>
      <classname>org.openmrs.ConceptName</classname>
      <dateChanged id="37">2016-10-15 16:24:48</dateChanged>
    </org.openmrs.module.metadatasharing.Item>
    <org.openmrs.module.metadatasharing.Item id="38" uuid="7a34caa3-fbf7-44b0-9621-3eddfdddccd0">
      <id>19</id>
      <classname>org.openmrs.ConceptName</classname>
      <dateChanged id="39">2016-10-15 16:24:48</dateChanged>
    </org.openmrs.module.metadatasharing.Item>
    <org.openmrs.module.metadatasharing.Item id="40" uuid="df8b839e-0106-48f6-afd4-13d014dcbbff">
      <id>13</id>
      <classname>org.openmrs.ConceptName</classname>
      <dateChanged id="41">2016-10-15 16:24:48</dateChanged>
    </org.openmrs.module.metadatasharing.Item>
    <org.openmrs.module.metadatasharing.Item id="42" uuid="467afd42-a26e-4d9e-b1d3-0641a2c19631">
      <id>12</id>
      <classname>org.openmrs.ConceptName</classname>
      <dateChanged id="43">2016-10-15 16:24:48</dateChanged>
    </org.openmrs.module.metadatasharing.Item>
    <org.openmrs.module.metadatasharing.Item id="44" uuid="5090868c-54e6-4cda-9797-954ae4740787">
      <id>18</id>
      <classname>org.openmrs.ConceptName</classname>
      <dateChanged id="45">2016-10-15 16:24:48</dateChanged>
    </org.openmrs.module.metadatasharing.Item>
    <org.openmrs.module.metadatasharing.Item id="46" uuid="4e36bfae-f593-4e89-94ce-addae92ae611">
      <id>17</id>
      <classname>org.openmrs.ConceptName</classname>
      <dateChanged id="47">2016-10-15 16:24:48</dateChanged>
    </org.openmrs.module.metadatasharing.Item>
    <org.openmrs.module.metadatasharing.Item id="48" uuid="b5f4c370-65cc-4037-8844-f5e6222f8106">
      <id>16</id>
      <classname>org.openmrs.ConceptName</classname>
      <dateChanged id="49">2016-10-15 16:24:48</dateChanged>
    </org.openmrs.module.metadatasharing.Item>
    <org.openmrs.module.metadatasharing.Item id="50" uuid="7bee8e86-51d8-414b-a53a-120a07d18a25">
      <id>15</id>
      <classname>org.openmrs.ConceptName</classname>
      <dateChanged id="51">2016-10-15 16:24:48</dateChanged>
    </org.openmrs.module.metadatasharing.Item>
    <org.openmrs.module.metadatasharing.Item id="52" uuid="01871e05-7094-46fd-9ca9-a37bd6462044">
      <id>11</id>
      <classname>org.openmrs.ConceptName</classname>
      <dateChanged id="53">2016-10-15 16:24:48</dateChanged>
    </org.openmrs.module.metadatasharing.Item>
  </relatedItems>
</package>
