<?xml version="1.0" encoding="UTF-8"?>
<list id="1">
  <org.openmrs.Concept id="2" uuid="2a6eb1b0-c668-4d2d-afc1-8cc7f067642b">
    <conceptId>1</conceptId>
    <retired>false</retired>
    <datatype id="3" resolves-to="org.openmrs.ConceptDatatype" uuid="8d4a4c94-c2cc-11de-8d13-0010c6dffd0f">
      <name>N/A</name>
      <description>Not associated with a datatype (e.g., term answers, sets)</description>
      <creator/>
      <dateCreated id="4">2004-02-01 21:00:00</dateCreated>
      <retired>false</retired>
      <conceptDatatypeId>4</conceptDatatypeId>
      <hl7Abbreviation>ZZ</hl7Abbreviation>
    </datatype>
    <conceptClass id="5" resolves-to="org.openmrs.ConceptClass" uuid="8d492774-c2cc-11de-8d13-0010c6dffd0f">
      <name>Misc</name>
      <description>Terms which don&apos;t fit other categories</description>
      <creator/>
      <dateCreated id="6">2004-03-01 21:00:00</dateCreated>
      <retired>false</retired>
      <conceptClassId>11</conceptClassId>
    </conceptClass>
    <set>false</set>
    <creator/>
    <dateCreated id="7">2016-10-15 16:24:48</dateCreated>
    <changedBy/>
    <dateChanged id="8">2016-11-26 13:23:54</dateChanged>
    <names class="set" id="9">
      <org.openmrs.ConceptName id="10" uuid="c28a482b-426a-4fb0-b240-b5e5da808c74">
        <conceptNameId>9</conceptNameId>
        <concept reference="2"/>
        <name>Verdadero</name>
        <locale id="11">es</locale>
        <creator/>
        <dateCreated id="12">2016-10-15 16:24:48</dateCreated>
        <voided>false</voided>
        <tags class="set" id="13"/>
        <localePreferred>true</localePreferred>
      </org.openmrs.ConceptName>
      <org.openmrs.ConceptName id="14" uuid="29dda75a-d313-4d24-9faf-aad130d42d0e">
        <conceptNameId>1</conceptNameId>
        <concept reference="2"/>
        <name>Vero</name>
        <locale id="15">it</locale>
        <creator/>
        <dateCreated id="16">2016-10-15 16:24:48</dateCreated>
        <voided>false</voided>
        <tags class="set" id="17"/>
        <localePreferred>true</localePreferred>
      </org.openmrs.ConceptName>
      <org.openmrs.ConceptName id="18" uuid="8152d9b7-c6ed-4714-9bad-f286b2993645">
        <conceptNameId>7</conceptNameId>
        <concept reference="2"/>
        <name>True</name>
        <locale id="19">en</locale>
        <creator/>
        <dateCreated id="20">2016-10-15 16:24:48</dateCreated>
        <voided>false</voided>
        <tags class="set" id="21"/>
        <conceptNameType>FULLY_SPECIFIED</conceptNameType>
        <localePreferred>true</localePreferred>
      </org.openmrs.ConceptName>
      <org.openmrs.ConceptName id="22" uuid="72a56120-33a1-43ad-8648-3e7e22a62022">
        <conceptNameId>10</conceptNameId>
        <concept reference="2"/>
        <name>Sí</name>
        <locale id="23">es</locale>
        <creator/>
        <dateCreated id="24">2016-10-15 16:24:48</dateCreated>
        <voided>false</voided>
        <tags class="set" id="25"/>
        <localePreferred>false</localePreferred>
      </org.openmrs.ConceptName>
      <org.openmrs.ConceptName id="26" uuid="4f912cbc-a841-4208-aa56-8b79b43b9c90">
        <conceptNameId>3</conceptNameId>
        <concept reference="2"/>
        <name>Verdadeiro</name>
        <locale id="27">pt</locale>
        <creator/>
        <dateCreated id="28">2016-10-15 16:24:48</dateCreated>
        <voided>false</voided>
        <tags class="set" id="29"/>
        <localePreferred>true</localePreferred>
      </org.openmrs.ConceptName>
      <org.openmrs.ConceptName id="30" uuid="17f466c9-a8b0-40cf-8d26-a3a14e7901de">
        <conceptNameId>5</conceptNameId>
        <concept reference="2"/>
        <name>Vrai</name>
        <locale id="31">fr</locale>
        <creator/>
        <dateCreated id="32">2016-10-15 16:24:48</dateCreated>
        <voided>false</voided>
        <tags class="set" id="33"/>
        <localePreferred>true</localePreferred>
      </org.openmrs.ConceptName>
      <org.openmrs.ConceptName id="34" uuid="def263c0-8c2c-4d3e-b87b-e8d928eca371">
        <conceptNameId>4</conceptNameId>
        <concept reference="2"/>
        <name>Sim</name>
        <locale id="35">pt</locale>
        <creator/>
        <dateCreated id="36">2016-10-15 16:24:48</dateCreated>
        <voided>false</voided>
        <tags class="set" id="37"/>
        <localePreferred>false</localePreferred>
      </org.openmrs.ConceptName>
      <org.openmrs.ConceptName id="38" uuid="4595579f-7396-499e-8106-cd2235198fc5">
        <conceptNameId>6</conceptNameId>
        <concept reference="2"/>
        <name>Oui</name>
        <locale id="39">fr</locale>
        <creator/>
        <dateCreated id="40">2016-10-15 16:24:48</dateCreated>
        <voided>false</voided>
        <tags class="set" id="41"/>
        <localePreferred>false</localePreferred>
      </org.openmrs.ConceptName>
      <org.openmrs.ConceptName id="42" uuid="c8f14a97-ced4-4e68-bef6-908a7529e8e5">
        <conceptNameId>2</conceptNameId>
        <concept reference="2"/>
        <name>Sì</name>
        <locale id="43">it</locale>
        <creator/>
        <dateCreated id="44">2016-10-15 16:24:48</dateCreated>
        <voided>false</voided>
        <tags class="set" id="45"/>
        <localePreferred>false</localePreferred>
      </org.openmrs.ConceptName>
      <org.openmrs.ConceptName id="46" uuid="d240aa54-cf36-49e7-a6a1-f1ac8c868653">
        <conceptNameId>8</conceptNameId>
        <concept reference="2"/>
        <name>Yes</name>
        <locale id="47">en</locale>
        <creator/>
        <dateCreated id="48">2016-10-15 16:24:48</dateCreated>
        <voided>false</voided>
        <tags class="set" id="49"/>
        <localePreferred>false</localePreferred>
      </org.openmrs.ConceptName>
    </names>
    <answers class="set" id="50"/>
    <conceptSets class="set" id="51"/>
    <descriptions class="set" id="52"/>
    <conceptMappings class="set" id="53"/>
  </org.openmrs.Concept>
  <org.openmrs.Concept id="54" uuid="b3ea6597-9008-410a-b799-9d9d49c0fecf">
    <conceptId>2</conceptId>
    <retired>false</retired>
    <datatype reference="3"/>
    <conceptClass reference="5"/>
    <set>false</set>
    <creator/>
    <dateCreated id="55">2016-10-15 16:24:48</dateCreated>
    <changedBy/>
    <dateChanged id="56">2016-11-26 13:23:54</dateChanged>
    <names class="set" id="57">
      <org.openmrs.ConceptName id="58" uuid="081bbc5d-b4c7-4fcd-b3d9-f872117fe003">
        <conceptNameId>14</conceptNameId>
        <concept reference="54"/>
        <name>Não</name>
        <locale id="59">pt</locale>
        <creator/>
        <dateCreated id="60">2016-10-15 16:24:48</dateCreated>
        <voided>false</voided>
        <tags class="set" id="61"/>
        <localePreferred>true</localePreferred>
      </org.openmrs.ConceptName>
      <org.openmrs.ConceptName id="62" uuid="7a34caa3-fbf7-44b0-9621-3eddfdddccd0">
        <conceptNameId>19</conceptNameId>
        <concept reference="54"/>
        <name>Falso</name>
        <locale id="63">es</locale>
        <creator/>
        <dateCreated id="64">2016-10-15 16:24:48</dateCreated>
        <voided>false</voided>
        <tags class="set" id="65"/>
        <localePreferred>true</localePreferred>
      </org.openmrs.ConceptName>
      <org.openmrs.ConceptName id="66" uuid="110e99d0-71cf-45c9-b949-a117acd10077">
        <conceptNameId>20</conceptNameId>
        <concept reference="54"/>
        <name>No</name>
        <locale id="67">es</locale>
        <creator/>
        <dateCreated id="68">2016-10-15 16:24:48</dateCreated>
        <voided>false</voided>
        <tags class="set" id="69"/>
        <localePreferred>false</localePreferred>
      </org.openmrs.ConceptName>
      <org.openmrs.ConceptName id="70" uuid="df8b839e-0106-48f6-afd4-13d014dcbbff">
        <conceptNameId>13</conceptNameId>
        <concept reference="54"/>
        <name>Falso</name>
        <locale id="71">pt</locale>
        <creator/>
        <dateCreated id="72">2016-10-15 16:24:48</dateCreated>
        <voided>false</voided>
        <tags class="set" id="73"/>
        <localePreferred>false</localePreferred>
      </org.openmrs.ConceptName>
      <org.openmrs.ConceptName id="74" uuid="467afd42-a26e-4d9e-b1d3-0641a2c19631">
        <conceptNameId>12</conceptNameId>
        <concept reference="54"/>
        <name>No</name>
        <locale id="75">it</locale>
        <creator/>
        <dateCreated id="76">2016-10-15 16:24:48</dateCreated>
        <voided>false</voided>
        <tags class="set" id="77"/>
        <localePreferred>true</localePreferred>
      </org.openmrs.ConceptName>
      <org.openmrs.ConceptName id="78" uuid="5090868c-54e6-4cda-9797-954ae4740787">
        <conceptNameId>18</conceptNameId>
        <concept reference="54"/>
        <name>No</name>
        <locale id="79">en</locale>
        <creator/>
        <dateCreated id="80">2016-10-15 16:24:48</dateCreated>
        <voided>false</voided>
        <tags class="set" id="81"/>
        <localePreferred>false</localePreferred>
      </org.openmrs.ConceptName>
      <org.openmrs.ConceptName id="82" uuid="b5f4c370-65cc-4037-8844-f5e6222f8106">
        <conceptNameId>16</conceptNameId>
        <concept reference="54"/>
        <name>Non</name>
        <locale id="83">fr</locale>
        <creator/>
        <dateCreated id="84">2016-10-15 16:24:48</dateCreated>
        <voided>false</voided>
        <tags class="set" id="85"/>
        <localePreferred>true</localePreferred>
      </org.openmrs.ConceptName>
      <org.openmrs.ConceptName id="86" uuid="4e36bfae-f593-4e89-94ce-addae92ae611">
        <conceptNameId>17</conceptNameId>
        <concept reference="54"/>
        <name>False</name>
        <locale id="87">en</locale>
        <creator/>
        <dateCreated id="88">2016-10-15 16:24:48</dateCreated>
        <voided>false</voided>
        <tags class="set" id="89"/>
        <conceptNameType>FULLY_SPECIFIED</conceptNameType>
        <localePreferred>true</localePreferred>
      </org.openmrs.ConceptName>
      <org.openmrs.ConceptName id="90" uuid="7bee8e86-51d8-414b-a53a-120a07d18a25">
        <conceptNameId>15</conceptNameId>
        <concept reference="54"/>
        <name>Faux</name>
        <locale id="91">fr</locale>
        <creator/>
        <dateCreated id="92">2016-10-15 16:24:48</dateCreated>
        <voided>false</voided>
        <tags class="set" id="93"/>
        <localePreferred>false</localePreferred>
      </org.openmrs.ConceptName>
      <org.openmrs.ConceptName id="94" uuid="01871e05-7094-46fd-9ca9-a37bd6462044">
        <conceptNameId>11</conceptNameId>
        <concept reference="54"/>
        <name>Falso</name>
        <locale id="95">it</locale>
        <creator/>
        <dateCreated id="96">2016-10-15 16:24:48</dateCreated>
        <voided>false</voided>
        <tags class="set" id="97"/>
        <localePreferred>false</localePreferred>
      </org.openmrs.ConceptName>
    </names>
    <answers class="set" id="98"/>
    <conceptSets class="set" id="99"/>
    <descriptions class="set" id="100"/>
    <conceptMappings class="set" id="101"/>
  </org.openmrs.Concept>
</list>
