<?xml version="1.0" encoding="UTF-8"?>
<package id="1" uuid="ff47b20a-f7b3-47b5-853a-85c83f17e056">
  <dateCreated id="2">2017-03-12 06:11:28</dateCreated>
  <name>patient_flags</name>
  <description>Patient Flags</description>
  <openmrsVersion>1.9.8  Build fd241c</openmrsVersion>
  <version>1</version>
  <groupUuid>291865ac-6b5b-4b58-aa35-723d0a16b391</groupUuid>
  <modules id="3">
    <entry>
      <string>metadatadeploy</string>
      <string>1.5</string>
    </entry>
    <entry>
      <string>htmlformentry</string>
      <string>2.6</string>
    </entry>
    <entry>
      <string>metadatamapping</string>
      <string>1.0.2</string>
    </entry>
    <entry>
      <string>metadatasharing</string>
      <string>1.1.9</string>
    </entry>
    <entry>
      <string>patientflags</string>
      <string>1.3.4</string>
    </entry>
    <entry>
      <string>logic</string>
      <string>0.5.2</string>
    </entry>
  </modules>
  <items class="linked-hash-set" id="4">
    <org.openmrs.module.metadatasharing.Item id="5" uuid="00b67ef1-c859-4250-9c9a-bbab53aa6329">
      <id>13</id>
      <classname>org.openmrs.module.patientflags.Flag</classname>
      <dateChanged id="6">2017-03-12 05:21:48</dateChanged>
      <retired>false</retired>
    </org.openmrs.module.metadatasharing.Item>
    <org.openmrs.module.metadatasharing.Item id="7" uuid="1e264968-8b24-417a-9177-d0d7e678b9b6">
      <id>16</id>
      <classname>org.openmrs.module.patientflags.Flag</classname>
      <dateChanged id="8">2017-03-12 05:24:03</dateChanged>
      <retired>false</retired>
    </org.openmrs.module.metadatasharing.Item>
    <org.openmrs.module.metadatasharing.Item id="9" uuid="2857cb8a-37a7-4d27-857b-24a69417062c">
      <id>18</id>
      <classname>org.openmrs.module.patientflags.Flag</classname>
      <dateChanged id="10">2017-03-12 05:25:49</dateChanged>
      <retired>false</retired>
    </org.openmrs.module.metadatasharing.Item>
    <org.openmrs.module.metadatasharing.Item id="11" uuid="31ba7431-fe97-4458-8cd6-c5c192d3e141">
      <id>1</id>
      <classname>org.openmrs.module.patientflags.Flag</classname>
      <dateChanged id="12">2017-03-12 04:59:13</dateChanged>
      <retired>false</retired>
    </org.openmrs.module.metadatasharing.Item>
    <org.openmrs.module.metadatasharing.Item id="13" uuid="3f32ec14-29e0-479d-aa12-a63a0d07c6fd">
      <id>22</id>
      <classname>org.openmrs.module.patientflags.Flag</classname>
      <dateChanged id="14">2017-03-12 05:28:42</dateChanged>
      <retired>false</retired>
    </org.openmrs.module.metadatasharing.Item>
    <org.openmrs.module.metadatasharing.Item id="15" uuid="486325d0-95dd-46f3-8e56-6dca16f35e36">
      <id>15</id>
      <classname>org.openmrs.module.patientflags.Flag</classname>
      <dateChanged id="16">2017-03-12 05:23:05</dateChanged>
      <retired>false</retired>
    </org.openmrs.module.metadatasharing.Item>
    <org.openmrs.module.metadatasharing.Item id="17" uuid="5002ff74-7f72-44ae-ac65-e431825c017a">
      <id>23</id>
      <classname>org.openmrs.module.patientflags.Flag</classname>
      <dateChanged id="18">2017-03-12 05:30:18</dateChanged>
      <retired>false</retired>
    </org.openmrs.module.metadatasharing.Item>
    <org.openmrs.module.metadatasharing.Item id="19" uuid="55fdcd2c-4e59-46ec-972c-4fd84df4e8a2">
      <id>20</id>
      <classname>org.openmrs.module.patientflags.Flag</classname>
      <dateChanged id="20">2017-03-12 05:27:12</dateChanged>
      <retired>false</retired>
    </org.openmrs.module.metadatasharing.Item>
    <org.openmrs.module.metadatasharing.Item id="21" uuid="65495652-bf2b-43c1-99f6-78cd45be8954">
      <id>9</id>
      <classname>org.openmrs.module.patientflags.Flag</classname>
      <dateChanged id="22">2017-03-12 05:14:43</dateChanged>
      <retired>false</retired>
    </org.openmrs.module.metadatasharing.Item>
    <org.openmrs.module.metadatasharing.Item id="23" uuid="6c6fd0bb-dedf-4194-85a2-13a3f4d0960f">
      <id>24</id>
      <classname>org.openmrs.module.patientflags.Flag</classname>
      <dateChanged id="24">2017-03-12 05:31:00</dateChanged>
      <retired>false</retired>
    </org.openmrs.module.metadatasharing.Item>
    <org.openmrs.module.metadatasharing.Item id="25" uuid="6ddb3d6a-4394-41ee-b4ce-71c4a7e86402">
      <id>11</id>
      <classname>org.openmrs.module.patientflags.Flag</classname>
      <dateChanged id="26">2017-03-12 05:19:59</dateChanged>
      <retired>false</retired>
    </org.openmrs.module.metadatasharing.Item>
    <org.openmrs.module.metadatasharing.Item id="27" uuid="74b6aeb7-ee83-4756-93f1-554b94235395">
      <id>21</id>
      <classname>org.openmrs.module.patientflags.Flag</classname>
      <dateChanged id="28">2017-03-12 05:28:01</dateChanged>
      <retired>false</retired>
    </org.openmrs.module.metadatasharing.Item>
    <org.openmrs.module.metadatasharing.Item id="29" uuid="81ce6236-4c1e-44f2-834f-66122f76ec83">
      <id>8</id>
      <classname>org.openmrs.module.patientflags.Flag</classname>
      <dateChanged id="30">2017-03-12 05:02:03</dateChanged>
      <retired>false</retired>
    </org.openmrs.module.metadatasharing.Item>
    <org.openmrs.module.metadatasharing.Item id="31" uuid="934d0edf-e9e3-46ef-9c62-9b0f2342eb16">
      <id>6</id>
      <classname>org.openmrs.module.patientflags.Flag</classname>
      <dateChanged id="32">2017-03-12 05:00:06</dateChanged>
      <retired>false</retired>
    </org.openmrs.module.metadatasharing.Item>
    <org.openmrs.module.metadatasharing.Item id="33" uuid="9ddd5bc3-9f3a-4e60-b8cd-524af3c3b64e">
      <id>4</id>
      <classname>org.openmrs.module.patientflags.Flag</classname>
      <dateChanged id="34">2017-03-12 04:59:46</dateChanged>
      <retired>false</retired>
    </org.openmrs.module.metadatasharing.Item>
    <org.openmrs.module.metadatasharing.Item id="35" uuid="a25cb0ea-f0aa-4c90-bcab-a46f71b44e39">
      <id>5</id>
      <classname>org.openmrs.module.patientflags.Flag</classname>
      <dateChanged id="36">2017-03-12 04:59:54</dateChanged>
      <retired>false</retired>
    </org.openmrs.module.metadatasharing.Item>
    <org.openmrs.module.metadatasharing.Item id="37" uuid="a31a634c-f394-48d7-9198-edcc203af3f0">
      <id>14</id>
      <classname>org.openmrs.module.patientflags.Flag</classname>
      <dateChanged id="38">2017-03-12 05:22:27</dateChanged>
      <retired>false</retired>
    </org.openmrs.module.metadatasharing.Item>
    <org.openmrs.module.metadatasharing.Item id="39" uuid="a4c6eafd-4507-4405-8364-e5fb6971e1f0">
      <id>10</id>
      <classname>org.openmrs.module.patientflags.Flag</classname>
      <dateChanged id="40">2017-03-12 05:17:44</dateChanged>
      <retired>false</retired>
    </org.openmrs.module.metadatasharing.Item>
    <org.openmrs.module.metadatasharing.Item id="41" uuid="aea36a83-418f-47d4-adfe-6e62bc246776">
      <id>7</id>
      <classname>org.openmrs.module.patientflags.Flag</classname>
      <dateChanged id="42">2017-03-12 05:00:59</dateChanged>
      <retired>false</retired>
    </org.openmrs.module.metadatasharing.Item>
    <org.openmrs.module.metadatasharing.Item id="43" uuid="b2e5ce31-5243-4df2-b184-c14757b260eb">
      <id>3</id>
      <classname>org.openmrs.module.patientflags.Flag</classname>
      <dateChanged id="44">2017-03-12 04:59:30</dateChanged>
      <retired>false</retired>
    </org.openmrs.module.metadatasharing.Item>
    <org.openmrs.module.metadatasharing.Item id="45" uuid="c008e359-8813-4df7-b99a-7e703e28012f">
      <id>19</id>
      <classname>org.openmrs.module.patientflags.Flag</classname>
      <dateChanged id="46">2017-03-12 05:26:29</dateChanged>
      <retired>false</retired>
    </org.openmrs.module.metadatasharing.Item>
    <org.openmrs.module.metadatasharing.Item id="47" uuid="dc85350d-927a-4bc1-be57-2937053f8481">
      <id>2</id>
      <classname>org.openmrs.module.patientflags.Flag</classname>
      <dateChanged id="48">2017-03-12 04:59:20</dateChanged>
      <retired>false</retired>
    </org.openmrs.module.metadatasharing.Item>
    <org.openmrs.module.metadatasharing.Item id="49" uuid="e8f93ad3-15ac-4212-bde6-30c4a842fa47">
      <id>12</id>
      <classname>org.openmrs.module.patientflags.Flag</classname>
      <dateChanged id="50">2017-03-12 05:21:04</dateChanged>
      <retired>false</retired>
    </org.openmrs.module.metadatasharing.Item>
    <org.openmrs.module.metadatasharing.Item id="51" uuid="ffde809b-ebc1-412d-b20e-65577c1e716a">
      <id>17</id>
      <classname>org.openmrs.module.patientflags.Flag</classname>
      <dateChanged id="52">2017-03-12 05:25:00</dateChanged>
      <retired>false</retired>
    </org.openmrs.module.metadatasharing.Item>
  </items>
  <relatedItems class="linked-hash-set" id="53">
    <org.openmrs.module.metadatasharing.Item id="54" uuid="191f7db2-a69a-4f9a-abc6-97744822b34f">
      <id>2</id>
      <classname>org.openmrs.module.patientflags.Priority</classname>
      <dateChanged id="55">2017-03-12 04:59:05</dateChanged>
      <retired>false</retired>
    </org.openmrs.module.metadatasharing.Item>
    <org.openmrs.module.metadatasharing.Item id="56" uuid="d4acebb4-03fd-42c4-8fc4-2c9298b415fc">
      <id>1</id>
      <classname>org.openmrs.module.patientflags.Tag</classname>
      <dateChanged id="57">2017-03-12 06:01:32</dateChanged>
      <retired>false</retired>
    </org.openmrs.module.metadatasharing.Item>
    <org.openmrs.module.metadatasharing.Item id="58" uuid="8d94f852-c2cc-11de-8d13-0010c6dffd0f">
      <classname>org.openmrs.Role</classname>
      <retired>false</retired>
    </org.openmrs.module.metadatasharing.Item>
    <org.openmrs.module.metadatasharing.Item id="59" uuid="fc26cb08-52b9-4ff1-925d-1c12a58d2f92">
      <classname>org.openmrs.Role</classname>
      <retired>false</retired>
    </org.openmrs.module.metadatasharing.Item>
    <org.openmrs.module.metadatasharing.Item id="60" uuid="c806dad4-92f3-11e6-9116-080027178840">
      <classname>org.openmrs.Privilege</classname>
      <retired>false</retired>
    </org.openmrs.module.metadatasharing.Item>
    <org.openmrs.module.metadatasharing.Item id="61" uuid="c806d59f-92f3-11e6-9116-080027178840">
      <classname>org.openmrs.Privilege</classname>
      <retired>false</retired>
    </org.openmrs.module.metadatasharing.Item>
    <org.openmrs.module.metadatasharing.Item id="62" uuid="c806e06e-92f3-11e6-9116-080027178840">
      <classname>org.openmrs.Privilege</classname>
      <retired>false</retired>
    </org.openmrs.module.metadatasharing.Item>
    <org.openmrs.module.metadatasharing.Item id="63" uuid="c806daa6-92f3-11e6-9116-080027178840">
      <classname>org.openmrs.Privilege</classname>
      <retired>false</retired>
    </org.openmrs.module.metadatasharing.Item>
    <org.openmrs.module.metadatasharing.Item id="64" uuid="c806defb-92f3-11e6-9116-080027178840">
      <classname>org.openmrs.Privilege</classname>
      <retired>false</retired>
    </org.openmrs.module.metadatasharing.Item>
    <org.openmrs.module.metadatasharing.Item id="65" uuid="c806db63-92f3-11e6-9116-080027178840">
      <classname>org.openmrs.Privilege</classname>
      <retired>false</retired>
    </org.openmrs.module.metadatasharing.Item>
    <org.openmrs.module.metadatasharing.Item id="66" uuid="c806caf7-92f3-11e6-9116-080027178840">
      <classname>org.openmrs.Privilege</classname>
      <retired>false</retired>
    </org.openmrs.module.metadatasharing.Item>
    <org.openmrs.module.metadatasharing.Item id="67" uuid="6f85dcaa-2f3b-4977-b4b3-b170a91243bf">
      <classname>org.openmrs.Privilege</classname>
      <retired>false</retired>
    </org.openmrs.module.metadatasharing.Item>
    <org.openmrs.module.metadatasharing.Item id="68" uuid="c806cb37-92f3-11e6-9116-080027178840">
      <classname>org.openmrs.Privilege</classname>
      <retired>false</retired>
    </org.openmrs.module.metadatasharing.Item>
    <org.openmrs.module.metadatasharing.Item id="69" uuid="c806e0eb-92f3-11e6-9116-080027178840">
      <classname>org.openmrs.Privilege</classname>
      <retired>false</retired>
    </org.openmrs.module.metadatasharing.Item>
    <org.openmrs.module.metadatasharing.Item id="70" uuid="c806e265-92f3-11e6-9116-080027178840">
      <classname>org.openmrs.Privilege</classname>
      <retired>false</retired>
    </org.openmrs.module.metadatasharing.Item>
    <org.openmrs.module.metadatasharing.Item id="71" uuid="c806cc38-92f3-11e6-9116-080027178840">
      <classname>org.openmrs.Privilege</classname>
      <retired>false</retired>
    </org.openmrs.module.metadatasharing.Item>
    <org.openmrs.module.metadatasharing.Item id="72" uuid="c806de2c-92f3-11e6-9116-080027178840">
      <classname>org.openmrs.Privilege</classname>
      <retired>false</retired>
    </org.openmrs.module.metadatasharing.Item>
    <org.openmrs.module.metadatasharing.Item id="73" uuid="c806df75-92f3-11e6-9116-080027178840">
      <classname>org.openmrs.Privilege</classname>
      <retired>false</retired>
    </org.openmrs.module.metadatasharing.Item>
    <org.openmrs.module.metadatasharing.Item id="74" uuid="14f307aa-8e91-4aeb-bb77-c8ae87b4ec53">
      <classname>org.openmrs.Privilege</classname>
      <retired>false</retired>
    </org.openmrs.module.metadatasharing.Item>
    <org.openmrs.module.metadatasharing.Item id="75" uuid="c1d74f5b-cc32-45c2-86d0-0646562cfeb4">
      <classname>org.openmrs.Privilege</classname>
      <retired>false</retired>
    </org.openmrs.module.metadatasharing.Item>
    <org.openmrs.module.metadatasharing.Item id="76" uuid="c806cab2-92f3-11e6-9116-080027178840">
      <classname>org.openmrs.Privilege</classname>
      <retired>false</retired>
    </org.openmrs.module.metadatasharing.Item>
    <org.openmrs.module.metadatasharing.Item id="77" uuid="c806db94-92f3-11e6-9116-080027178840">
      <classname>org.openmrs.Privilege</classname>
      <retired>false</retired>
    </org.openmrs.module.metadatasharing.Item>
    <org.openmrs.module.metadatasharing.Item id="78" uuid="c806cbbc-92f3-11e6-9116-080027178840">
      <classname>org.openmrs.Privilege</classname>
      <retired>false</retired>
    </org.openmrs.module.metadatasharing.Item>
    <org.openmrs.module.metadatasharing.Item id="79" uuid="c806dff2-92f3-11e6-9116-080027178840">
      <classname>org.openmrs.Privilege</classname>
      <retired>false</retired>
    </org.openmrs.module.metadatasharing.Item>
    <org.openmrs.module.metadatasharing.Item id="80" uuid="98da045a-1f3a-4bbe-aa0e-568decbfff68">
      <classname>org.openmrs.Privilege</classname>
      <retired>false</retired>
    </org.openmrs.module.metadatasharing.Item>
    <org.openmrs.module.metadatasharing.Item id="81" uuid="c806e193-92f3-11e6-9116-080027178840">
      <classname>org.openmrs.Privilege</classname>
      <retired>false</retired>
    </org.openmrs.module.metadatasharing.Item>
    <org.openmrs.module.metadatasharing.Item id="82" uuid="c806d54a-92f3-11e6-9116-080027178840">
      <classname>org.openmrs.Privilege</classname>
      <retired>false</retired>
    </org.openmrs.module.metadatasharing.Item>
    <org.openmrs.module.metadatasharing.Item id="83" uuid="c806d5c9-92f3-11e6-9116-080027178840">
      <classname>org.openmrs.Privilege</classname>
      <retired>false</retired>
    </org.openmrs.module.metadatasharing.Item>
    <org.openmrs.module.metadatasharing.Item id="84" uuid="c806df9f-92f3-11e6-9116-080027178840">
      <classname>org.openmrs.Privilege</classname>
      <retired>false</retired>
    </org.openmrs.module.metadatasharing.Item>
    <org.openmrs.module.metadatasharing.Item id="85" uuid="aa71b6d6-f77f-423d-b9fe-71210dd7a7aa">
      <classname>org.openmrs.Privilege</classname>
      <retired>false</retired>
    </org.openmrs.module.metadatasharing.Item>
    <org.openmrs.module.metadatasharing.Item id="86" uuid="c806d521-92f3-11e6-9116-080027178840">
      <classname>org.openmrs.Privilege</classname>
      <retired>false</retired>
    </org.openmrs.module.metadatasharing.Item>
    <org.openmrs.module.metadatasharing.Item id="87" uuid="ece1ed85-ca2f-4915-a091-a01261b9ef01">
      <classname>org.openmrs.Privilege</classname>
      <retired>false</retired>
    </org.openmrs.module.metadatasharing.Item>
    <org.openmrs.module.metadatasharing.Item id="88" uuid="c806cbfd-92f3-11e6-9116-080027178840">
      <classname>org.openmrs.Privilege</classname>
      <retired>false</retired>
    </org.openmrs.module.metadatasharing.Item>
    <org.openmrs.module.metadatasharing.Item id="89" uuid="fec43027-860d-4f56-8606-8d411bc7b3e0">
      <classname>org.openmrs.Privilege</classname>
      <retired>false</retired>
    </org.openmrs.module.metadatasharing.Item>
    <org.openmrs.module.metadatasharing.Item id="90" uuid="c806dc75-92f3-11e6-9116-080027178840">
      <classname>org.openmrs.Privilege</classname>
      <retired>false</retired>
    </org.openmrs.module.metadatasharing.Item>
    <org.openmrs.module.metadatasharing.Item id="91" uuid="a1ea9da3-47c6-4930-872a-cc8ccde9e8ed">
      <classname>org.openmrs.Privilege</classname>
      <retired>false</retired>
    </org.openmrs.module.metadatasharing.Item>
    <org.openmrs.module.metadatasharing.Item id="92" uuid="c806de80-92f3-11e6-9116-080027178840">
      <classname>org.openmrs.Privilege</classname>
      <retired>false</retired>
    </org.openmrs.module.metadatasharing.Item>
    <org.openmrs.module.metadatasharing.Item id="93" uuid="c806e099-92f3-11e6-9116-080027178840">
      <classname>org.openmrs.Privilege</classname>
      <retired>false</retired>
    </org.openmrs.module.metadatasharing.Item>
    <org.openmrs.module.metadatasharing.Item id="94" uuid="c806e01a-92f3-11e6-9116-080027178840">
      <classname>org.openmrs.Privilege</classname>
      <retired>false</retired>
    </org.openmrs.module.metadatasharing.Item>
    <org.openmrs.module.metadatasharing.Item id="95" uuid="c806dea9-92f3-11e6-9116-080027178840">
      <classname>org.openmrs.Privilege</classname>
      <retired>false</retired>
    </org.openmrs.module.metadatasharing.Item>
    <org.openmrs.module.metadatasharing.Item id="96" uuid="c806dfc7-92f3-11e6-9116-080027178840">
      <classname>org.openmrs.Privilege</classname>
      <retired>false</retired>
    </org.openmrs.module.metadatasharing.Item>
    <org.openmrs.module.metadatasharing.Item id="97" uuid="c806db05-92f3-11e6-9116-080027178840">
      <classname>org.openmrs.Privilege</classname>
      <retired>false</retired>
    </org.openmrs.module.metadatasharing.Item>
    <org.openmrs.module.metadatasharing.Item id="98" uuid="c806e1e6-92f3-11e6-9116-080027178840">
      <classname>org.openmrs.Privilege</classname>
      <retired>false</retired>
    </org.openmrs.module.metadatasharing.Item>
    <org.openmrs.module.metadatasharing.Item id="99" uuid="cc21db34-6d07-490e-afad-8725b7cf9475">
      <classname>org.openmrs.Privilege</classname>
      <retired>false</retired>
    </org.openmrs.module.metadatasharing.Item>
    <org.openmrs.module.metadatasharing.Item id="100" uuid="c806e0c3-92f3-11e6-9116-080027178840">
      <classname>org.openmrs.Privilege</classname>
      <retired>false</retired>
    </org.openmrs.module.metadatasharing.Item>
    <org.openmrs.module.metadatasharing.Item id="101" uuid="c806cb77-92f3-11e6-9116-080027178840">
      <classname>org.openmrs.Privilege</classname>
      <retired>false</retired>
    </org.openmrs.module.metadatasharing.Item>
    <org.openmrs.module.metadatasharing.Item id="102" uuid="c806e16a-92f3-11e6-9116-080027178840">
      <classname>org.openmrs.Privilege</classname>
      <retired>false</retired>
    </org.openmrs.module.metadatasharing.Item>
    <org.openmrs.module.metadatasharing.Item id="103" uuid="c806d576-92f3-11e6-9116-080027178840">
      <classname>org.openmrs.Privilege</classname>
      <retired>false</retired>
    </org.openmrs.module.metadatasharing.Item>
    <org.openmrs.module.metadatasharing.Item id="104" uuid="c806d5f3-92f3-11e6-9116-080027178840">
      <classname>org.openmrs.Privilege</classname>
      <retired>false</retired>
    </org.openmrs.module.metadatasharing.Item>
    <org.openmrs.module.metadatasharing.Item id="105" uuid="c806dbc1-92f3-11e6-9116-080027178840">
      <classname>org.openmrs.Privilege</classname>
      <retired>false</retired>
    </org.openmrs.module.metadatasharing.Item>
    <org.openmrs.module.metadatasharing.Item id="106" uuid="c806db34-92f3-11e6-9116-080027178840">
      <classname>org.openmrs.Privilege</classname>
      <retired>false</retired>
    </org.openmrs.module.metadatasharing.Item>
    <org.openmrs.module.metadatasharing.Item id="107" uuid="c806d715-92f3-11e6-9116-080027178840">
      <classname>org.openmrs.Privilege</classname>
      <retired>false</retired>
    </org.openmrs.module.metadatasharing.Item>
    <org.openmrs.module.metadatasharing.Item id="108" uuid="c806cc67-92f3-11e6-9116-080027178840">
      <classname>org.openmrs.Privilege</classname>
      <retired>false</retired>
    </org.openmrs.module.metadatasharing.Item>
    <org.openmrs.module.metadatasharing.Item id="109" uuid="3da20859-2804-44dd-98b2-78e19980fd14">
      <classname>org.openmrs.Privilege</classname>
      <retired>false</retired>
    </org.openmrs.module.metadatasharing.Item>
    <org.openmrs.module.metadatasharing.Item id="110" uuid="c806d61d-92f3-11e6-9116-080027178840">
      <classname>org.openmrs.Privilege</classname>
      <retired>false</retired>
    </org.openmrs.module.metadatasharing.Item>
    <org.openmrs.module.metadatasharing.Item id="111" uuid="b9d0fae7-a0ef-49aa-81e1-597151bbaca9">
      <classname>org.openmrs.Role</classname>
      <retired>false</retired>
    </org.openmrs.module.metadatasharing.Item>
    <org.openmrs.module.metadatasharing.Item id="112" uuid="c806cd93-92f3-11e6-9116-080027178840">
      <classname>org.openmrs.Privilege</classname>
      <retired>false</retired>
    </org.openmrs.module.metadatasharing.Item>
    <org.openmrs.module.metadatasharing.Item id="113" uuid="c806e23a-92f3-11e6-9116-080027178840">
      <classname>org.openmrs.Privilege</classname>
      <retired>false</retired>
    </org.openmrs.module.metadatasharing.Item>
    <org.openmrs.module.metadatasharing.Item id="114" uuid="c806d647-92f3-11e6-9116-080027178840">
      <classname>org.openmrs.Privilege</classname>
      <retired>false</retired>
    </org.openmrs.module.metadatasharing.Item>
    <org.openmrs.module.metadatasharing.Item id="115" uuid="c806df4d-92f3-11e6-9116-080027178840">
      <classname>org.openmrs.Privilege</classname>
      <retired>false</retired>
    </org.openmrs.module.metadatasharing.Item>
    <org.openmrs.module.metadatasharing.Item id="116" uuid="c806dc4a-92f3-11e6-9116-080027178840">
      <classname>org.openmrs.Privilege</classname>
      <retired>false</retired>
    </org.openmrs.module.metadatasharing.Item>
    <org.openmrs.module.metadatasharing.Item id="117" uuid="c806e210-92f3-11e6-9116-080027178840">
      <classname>org.openmrs.Privilege</classname>
      <retired>false</retired>
    </org.openmrs.module.metadatasharing.Item>
    <org.openmrs.module.metadatasharing.Item id="118" uuid="c806e2b9-92f3-11e6-9116-080027178840">
      <classname>org.openmrs.Privilege</classname>
      <retired>false</retired>
    </org.openmrs.module.metadatasharing.Item>
    <org.openmrs.module.metadatasharing.Item id="119" uuid="1b2622cc-c93b-43be-866c-cbe21ff777ce">
      <classname>org.openmrs.Privilege</classname>
      <retired>false</retired>
    </org.openmrs.module.metadatasharing.Item>
    <org.openmrs.module.metadatasharing.Item id="120" uuid="c806e042-92f3-11e6-9116-080027178840">
      <classname>org.openmrs.Privilege</classname>
      <retired>false</retired>
    </org.openmrs.module.metadatasharing.Item>
    <org.openmrs.module.metadatasharing.Item id="121" uuid="3e880a1a-f44e-45b7-a142-6696200479ae">
      <classname>org.openmrs.Privilege</classname>
      <retired>false</retired>
    </org.openmrs.module.metadatasharing.Item>
    <org.openmrs.module.metadatasharing.Item id="122" uuid="c2dd3d18-e0b4-11e6-98e6-080027178840">
      <id>2</id>
      <classname>org.openmrs.module.patientflags.DisplayPoint</classname>
      <dateChanged id="123">2017-01-22 15:09:24</dateChanged>
      <retired>false</retired>
    </org.openmrs.module.metadatasharing.Item>
    <org.openmrs.module.metadatasharing.Item id="124" uuid="a0a09ef6-8ecd-46e7-8299-728cb1b92104">
      <id>1</id>
      <classname>org.openmrs.module.patientflags.Priority</classname>
      <dateChanged id="125">2017-03-12 04:58:40</dateChanged>
      <retired>false</retired>
    </org.openmrs.module.metadatasharing.Item>
    <org.openmrs.module.metadatasharing.Item id="126" uuid="6fec21f2-f7d3-410f-b2b9-5e40bc60f6ee">
      <id>2</id>
      <classname>org.openmrs.module.patientflags.Tag</classname>
      <dateChanged id="127">2017-03-12 06:02:03</dateChanged>
      <retired>false</retired>
    </org.openmrs.module.metadatasharing.Item>
    <org.openmrs.module.metadatasharing.Item id="128" uuid="a3df3ba6-88a9-44d0-b5a9-a70f3170e2e1">
      <classname>org.openmrs.Role</classname>
      <retired>false</retired>
    </org.openmrs.module.metadatasharing.Item>
    <org.openmrs.module.metadatasharing.Item id="129" uuid="c1d7e466-f9dd-4360-87f2-c4b896a83fcd">
      <classname>org.openmrs.Privilege</classname>
      <retired>false</retired>
    </org.openmrs.module.metadatasharing.Item>
  </relatedItems>
</package>
