<?xml version="1.0" encoding="UTF-8"?>
<list id="1">
  <org.openmrs.module.patientflags.Flag id="2" uuid="00b67ef1-c859-4250-9c9a-bbab53aa6329">
    <creator/>
    <dateCreated id="3">2017-03-12 05:21:48</dateCreated>
    <retired>false</retired>
    <flagId>13</flagId>
    <name>Missing Return Visit Form at time of SWS survey</name>
    <criteria>select patient.patient_id from patient where patient_id not in (select encounter.patient_id from encounter inner join (select patient_id, encounter_datetime from encounter where form_id=3) e2 on encounter.patient_id=e2.patient_id and encounter.encounter_datetime=e2.encounter_datetime where encounter.form_id=2) and patient_id in (select patient_id from encounter where form_id=3);</criteria>
    <evaluator>org.openmrs.module.patientflags.evaluator.SQLFlagEvaluator</evaluator>
    <message>Missing Return Visit Form at time of SWS survey</message>
    <priority id="4" resolves-to="org.openmrs.module.patientflags.Priority" uuid="191f7db2-a69a-4f9a-abc6-97744822b34f">
      <creator/>
      <dateCreated id="5">2017-03-12 04:59:05</dateCreated>
      <retired>false</retired>
      <priorityId>2</priorityId>
      <name>Admin</name>
      <style>style=&quot;background-color:blue;font-size:20px;color:white&quot;</style>
      <rank>3</rank>
    </priority>
    <enabled>true</enabled>
    <tags id="6">
      <org.openmrs.module.patientflags.Tag id="7" uuid="d4acebb4-03fd-42c4-8fc4-2c9298b415fc">
        <creator/>
        <dateCreated id="8">2017-03-12 04:49:31</dateCreated>
        <changedBy/>
        <dateChanged id="9">2017-03-12 06:01:32</dateChanged>
        <retired>false</retired>
        <tagId>1</tagId>
        <name>Admin</name>
        <roles id="10">
          <org.openmrs.Role id="11" uuid="8d94f852-c2cc-11de-8d13-0010c6dffd0f">
            <description>Developers of the OpenMRS .. have additional access to change fundamental structure of the database model.</description>
            <retired>false</retired>
            <role>System Developer</role>
            <privileges id="12"/>
            <inheritedRoles id="13"/>
            <childRoles id="14"/>
          </org.openmrs.Role>
          <org.openmrs.Role id="15" uuid="fc26cb08-52b9-4ff1-925d-1c12a58d2f92">
            <description>MoH local CCC administrator</description>
            <retired>false</retired>
            <role>Medical Records Clerk</role>
            <privileges id="16">
              <org.openmrs.Privilege id="17" uuid="c806d59f-92f3-11e6-9116-080027178840">
                <description>Able to edit patient identifiers</description>
                <retired>false</retired>
                <privilege>Edit Patient Identifiers</privilege>
              </org.openmrs.Privilege>
              <org.openmrs.Privilege id="18" uuid="c806dad4-92f3-11e6-9116-080027178840">
                <description>Able to view the &apos;Encounters&apos; tab on the patient dashboard</description>
                <retired>false</retired>
                <privilege>Patient Dashboard - View Encounters Section</privilege>
              </org.openmrs.Privilege>
              <org.openmrs.Privilege id="19" uuid="c806e06e-92f3-11e6-9116-080027178840">
                <description>Able to view patient identifiers</description>
                <retired>false</retired>
                <privilege>View Patient Identifiers</privilege>
              </org.openmrs.Privilege>
              <org.openmrs.Privilege id="20" uuid="c806daa6-92f3-11e6-9116-080027178840">
                <description>Able to view the &apos;Demographics&apos; tab on the patient dashboard</description>
                <retired>false</retired>
                <privilege>Patient Dashboard - View Demographics Section</privilege>
              </org.openmrs.Privilege>
              <org.openmrs.Privilege id="21" uuid="c806defb-92f3-11e6-9116-080027178840">
                <description>Able to view forms</description>
                <retired>false</retired>
                <privilege>View Forms</privilege>
              </org.openmrs.Privilege>
              <org.openmrs.Privilege id="22" uuid="c806db63-92f3-11e6-9116-080027178840">
                <description>Able to view the &apos;Overview&apos; tab on the patient dashboard</description>
                <retired>false</retired>
                <privilege>Patient Dashboard - View Overview Section</privilege>
              </org.openmrs.Privilege>
              <org.openmrs.Privilege id="23" uuid="c806caf7-92f3-11e6-9116-080027178840">
                <description>Able to add patient observations</description>
                <retired>false</retired>
                <privilege>Add Observations</privilege>
              </org.openmrs.Privilege>
              <org.openmrs.Privilege id="24" uuid="6f85dcaa-2f3b-4977-b4b3-b170a91243bf">
                <description>Able to edit problems</description>
                <retired>false</retired>
                <privilege>Edit Problems</privilege>
              </org.openmrs.Privilege>
              <org.openmrs.Privilege id="25" uuid="c806cb37-92f3-11e6-9116-080027178840">
                <description>Able to add orders</description>
                <retired>false</retired>
                <privilege>Add Orders</privilege>
              </org.openmrs.Privilege>
              <org.openmrs.Privilege id="26" uuid="c806e265-92f3-11e6-9116-080027178840">
                <description>Able to view user roles</description>
                <retired>false</retired>
                <privilege>View Roles</privilege>
              </org.openmrs.Privilege>
              <org.openmrs.Privilege id="27" uuid="c806e0eb-92f3-11e6-9116-080027178840">
                <description>Able to view person objects</description>
                <retired>false</retired>
                <privilege>View People</privilege>
              </org.openmrs.Privilege>
              <org.openmrs.Privilege id="28" uuid="c806cc38-92f3-11e6-9116-080027178840">
                <description>Able to add person objects</description>
                <retired>false</retired>
                <privilege>Add People</privilege>
              </org.openmrs.Privilege>
              <org.openmrs.Privilege id="29" uuid="c806de2c-92f3-11e6-9116-080027178840">
                <description>Able to view concept entries</description>
                <retired>false</retired>
                <privilege>View Concepts</privilege>
              </org.openmrs.Privilege>
              <org.openmrs.Privilege id="30" uuid="14f307aa-8e91-4aeb-bb77-c8ae87b4ec53">
                <description>Add problems</description>
                <retired>false</retired>
                <privilege>Add Problems</privilege>
              </org.openmrs.Privilege>
              <org.openmrs.Privilege id="31" uuid="c806df75-92f3-11e6-9116-080027178840">
                <description>Able to view locations</description>
                <retired>false</retired>
                <privilege>View Locations</privilege>
              </org.openmrs.Privilege>
              <org.openmrs.Privilege id="32" uuid="c1d74f5b-cc32-45c2-86d0-0646562cfeb4">
                <description>Able to add visits</description>
                <retired>false</retired>
                <privilege>Add Visits</privilege>
              </org.openmrs.Privilege>
              <org.openmrs.Privilege id="33" uuid="c806cab2-92f3-11e6-9116-080027178840">
                <description>Able to add patient encounters</description>
                <retired>false</retired>
                <privilege>Add Encounters</privilege>
              </org.openmrs.Privilege>
              <org.openmrs.Privilege id="34" uuid="c806cbbc-92f3-11e6-9116-080027178840">
                <description>Able to add patients to programs</description>
                <retired>false</retired>
                <privilege>Add Patient Programs</privilege>
              </org.openmrs.Privilege>
              <org.openmrs.Privilege id="35" uuid="c806db94-92f3-11e6-9116-080027178840">
                <description>Able to view the &apos;Summary&apos; tab on the patient dashboard</description>
                <retired>false</retired>
                <privilege>Patient Dashboard - View Patient Summary</privilege>
              </org.openmrs.Privilege>
              <org.openmrs.Privilege id="36" uuid="c806dff2-92f3-11e6-9116-080027178840">
                <description>Able to view order types</description>
                <retired>false</retired>
                <privilege>View Order Types</privilege>
              </org.openmrs.Privilege>
              <org.openmrs.Privilege id="37" uuid="c806e193-92f3-11e6-9116-080027178840">
                <description>Able to view patient programs</description>
                <retired>false</retired>
                <privilege>View Programs</privilege>
              </org.openmrs.Privilege>
              <org.openmrs.Privilege id="38" uuid="98da045a-1f3a-4bbe-aa0e-568decbfff68">
                <description>Able to view Provider</description>
                <retired>false</retired>
                <privilege>View Providers</privilege>
              </org.openmrs.Privilege>
              <org.openmrs.Privilege id="39" uuid="c806d54a-92f3-11e6-9116-080027178840">
                <description>Able to edit patient observations</description>
                <retired>false</retired>
                <privilege>Edit Observations</privilege>
              </org.openmrs.Privilege>
              <org.openmrs.Privilege id="40" uuid="c806d5c9-92f3-11e6-9116-080027178840">
                <description>Able to edit patients in programs</description>
                <retired>false</retired>
                <privilege>Edit Patient Programs</privilege>
              </org.openmrs.Privilege>
              <org.openmrs.Privilege id="41" uuid="c806df9f-92f3-11e6-9116-080027178840">
                <description>Ability to see the navigation menu</description>
                <retired>false</retired>
                <privilege>View Navigation Menu</privilege>
              </org.openmrs.Privilege>
              <org.openmrs.Privilege id="42" uuid="aa71b6d6-f77f-423d-b9fe-71210dd7a7aa">
                <description>Able to add/edit/retire encounter roles</description>
                <retired>false</retired>
                <privilege>Manage Encounter Roles</privilege>
              </org.openmrs.Privilege>
              <org.openmrs.Privilege id="43" uuid="c806d521-92f3-11e6-9116-080027178840">
                <description>Able to edit patient encounters</description>
                <retired>false</retired>
                <privilege>Edit Encounters</privilege>
              </org.openmrs.Privilege>
              <org.openmrs.Privilege id="44" uuid="ece1ed85-ca2f-4915-a091-a01261b9ef01">
                <description>Able to view the &apos;Visits&apos; tab on the patient dashboard</description>
                <retired>false</retired>
                <privilege>Patient Dashboard - View Visits Section</privilege>
              </org.openmrs.Privilege>
              <org.openmrs.Privilege id="45" uuid="fec43027-860d-4f56-8606-8d411bc7b3e0">
                <description>Add allergies</description>
                <retired>false</retired>
                <privilege>Add Allergies</privilege>
              </org.openmrs.Privilege>
              <org.openmrs.Privilege id="46" uuid="c806cbfd-92f3-11e6-9116-080027178840">
                <description>Able to add patients</description>
                <retired>false</retired>
                <privilege>Add Patients</privilege>
              </org.openmrs.Privilege>
              <org.openmrs.Privilege id="47" uuid="a1ea9da3-47c6-4930-872a-cc8ccde9e8ed">
                <description>Able to view visits</description>
                <retired>false</retired>
                <privilege>View Visits</privilege>
              </org.openmrs.Privilege>
              <org.openmrs.Privilege id="48" uuid="c806dc75-92f3-11e6-9116-080027178840">
                <description>Able to view allergies in OpenMRS</description>
                <retired>false</retired>
                <privilege>View Allergies</privilege>
              </org.openmrs.Privilege>
              <org.openmrs.Privilege id="49" uuid="c806de80-92f3-11e6-9116-080027178840">
                <description>Able to view encounter types</description>
                <retired>false</retired>
                <privilege>View Encounter Types</privilege>
              </org.openmrs.Privilege>
              <org.openmrs.Privilege id="50" uuid="c806e099-92f3-11e6-9116-080027178840">
                <description>Able to see which programs that patients are in</description>
                <retired>false</retired>
                <privilege>View Patient Programs</privilege>
              </org.openmrs.Privilege>
              <org.openmrs.Privilege id="51" uuid="c806dea9-92f3-11e6-9116-080027178840">
                <description>Able to view patient encounters</description>
                <retired>false</retired>
                <privilege>View Encounters</privilege>
              </org.openmrs.Privilege>
              <org.openmrs.Privilege id="52" uuid="c806e01a-92f3-11e6-9116-080027178840">
                <description>Able to view orders</description>
                <retired>false</retired>
                <privilege>View Orders</privilege>
              </org.openmrs.Privilege>
              <org.openmrs.Privilege id="53" uuid="c806e1e6-92f3-11e6-9116-080027178840">
                <description>Able to view relationships</description>
                <retired>false</retired>
                <privilege>View Relationships</privilege>
              </org.openmrs.Privilege>
              <org.openmrs.Privilege id="54" uuid="c806db05-92f3-11e6-9116-080027178840">
                <description>Allows user to view the Forms tab on the patient dashboard</description>
                <retired>false</retired>
                <privilege>Patient Dashboard - View Forms Section</privilege>
              </org.openmrs.Privilege>
              <org.openmrs.Privilege id="55" uuid="c806dfc7-92f3-11e6-9116-080027178840">
                <description>Able to view patient observations</description>
                <retired>false</retired>
                <privilege>View Observations</privilege>
              </org.openmrs.Privilege>
              <org.openmrs.Privilege id="56" uuid="cc21db34-6d07-490e-afad-8725b7cf9475">
                <description>Able to edit visits</description>
                <retired>false</retired>
                <privilege>Edit Visits</privilege>
              </org.openmrs.Privilege>
              <org.openmrs.Privilege id="57" uuid="c806e0c3-92f3-11e6-9116-080027178840">
                <description>Able to view patients</description>
                <retired>false</retired>
                <privilege>View Patients</privilege>
              </org.openmrs.Privilege>
              <org.openmrs.Privilege id="58" uuid="c806cb77-92f3-11e6-9116-080027178840">
                <description>Able to add patient identifiers</description>
                <retired>false</retired>
                <privilege>Add Patient Identifiers</privilege>
              </org.openmrs.Privilege>
              <org.openmrs.Privilege id="59" uuid="c806e16a-92f3-11e6-9116-080027178840">
                <description>Able to view problems in OpenMRS</description>
                <retired>false</retired>
                <privilege>View Problems</privilege>
              </org.openmrs.Privilege>
              <org.openmrs.Privilege id="60" uuid="c806d576-92f3-11e6-9116-080027178840">
                <description>Able to edit orders</description>
                <retired>false</retired>
                <privilege>Edit Orders</privilege>
              </org.openmrs.Privilege>
              <org.openmrs.Privilege id="61" uuid="c806d5f3-92f3-11e6-9116-080027178840">
                <description>Able to edit patients</description>
                <retired>false</retired>
                <privilege>Edit Patients</privilege>
              </org.openmrs.Privilege>
              <org.openmrs.Privilege id="62" uuid="c806db34-92f3-11e6-9116-080027178840">
                <description>Able to view the &apos;Graphs&apos; tab on the patient dashboard</description>
                <retired>false</retired>
                <privilege>Patient Dashboard - View Graphs Section</privilege>
              </org.openmrs.Privilege>
              <org.openmrs.Privilege id="63" uuid="c806dbc1-92f3-11e6-9116-080027178840">
                <description>Able to view the &apos;Regimen&apos; tab on the patient dashboard</description>
                <retired>false</retired>
                <privilege>Patient Dashboard - View Regimen Section</privilege>
              </org.openmrs.Privilege>
              <org.openmrs.Privilege id="64" uuid="c806d715-92f3-11e6-9116-080027178840">
                <description>Allows user to access Form Entry pages/functions</description>
                <retired>false</retired>
                <privilege>Form Entry</privilege>
              </org.openmrs.Privilege>
              <org.openmrs.Privilege id="65" uuid="c806cc67-92f3-11e6-9116-080027178840">
                <description>Able to add relationships</description>
                <retired>false</retired>
                <privilege>Add Relationships</privilege>
              </org.openmrs.Privilege>
              <org.openmrs.Privilege id="66" uuid="3da20859-2804-44dd-98b2-78e19980fd14">
                <description>Able to edit allergies</description>
                <retired>false</retired>
                <privilege>Edit Allergies</privilege>
              </org.openmrs.Privilege>
              <org.openmrs.Privilege id="67" uuid="c806d61d-92f3-11e6-9116-080027178840">
                <description>Able to edit person objects</description>
                <retired>false</retired>
                <privilege>Edit People</privilege>
              </org.openmrs.Privilege>
            </privileges>
            <inheritedRoles id="68"/>
            <childRoles id="69"/>
          </org.openmrs.Role>
          <org.openmrs.Role id="70" uuid="b9d0fae7-a0ef-49aa-81e1-597151bbaca9">
            <description>MoH local CCC administrator</description>
            <retired>false</retired>
            <role>Local Administrator</role>
            <privileges id="71">
              <org.openmrs.Privilege reference="17"/>
              <org.openmrs.Privilege reference="18"/>
              <org.openmrs.Privilege reference="19"/>
              <org.openmrs.Privilege reference="20"/>
              <org.openmrs.Privilege id="72" uuid="c806cd93-92f3-11e6-9116-080027178840">
                <description>Able to delete patient observations</description>
                <retired>false</retired>
                <privilege>Delete Observations</privilege>
              </org.openmrs.Privilege>
              <org.openmrs.Privilege id="73" uuid="c806e23a-92f3-11e6-9116-080027178840">
                <description>Able to view reports</description>
                <retired>false</retired>
                <privilege>View Reports</privilege>
              </org.openmrs.Privilege>
              <org.openmrs.Privilege id="74" uuid="c806d647-92f3-11e6-9116-080027178840">
                <description>Able to edit relationships</description>
                <retired>false</retired>
                <privilege>Edit Relationships</privilege>
              </org.openmrs.Privilege>
              <org.openmrs.Privilege reference="21"/>
              <org.openmrs.Privilege reference="22"/>
              <org.openmrs.Privilege id="75" uuid="c806df4d-92f3-11e6-9116-080027178840">
                <description>Able to view patient identifier types</description>
                <retired>false</retired>
                <privilege>View Identifier Types</privilege>
              </org.openmrs.Privilege>
              <org.openmrs.Privilege id="76" uuid="c806e210-92f3-11e6-9116-080027178840">
                <description>Able to view report objects</description>
                <retired>false</retired>
                <privilege>View Report Objects</privilege>
              </org.openmrs.Privilege>
              <org.openmrs.Privilege reference="23"/>
              <org.openmrs.Privilege id="77" uuid="c806dc4a-92f3-11e6-9116-080027178840">
                <description>Able to view the &apos;Administration&apos; link in the navigation bar</description>
                <retired>false</retired>
                <privilege>View Administration Functions</privilege>
              </org.openmrs.Privilege>
              <org.openmrs.Privilege reference="24"/>
              <org.openmrs.Privilege reference="25"/>
              <org.openmrs.Privilege reference="26"/>
              <org.openmrs.Privilege reference="28"/>
              <org.openmrs.Privilege reference="29"/>
              <org.openmrs.Privilege reference="30"/>
              <org.openmrs.Privilege id="78" uuid="c806e2b9-92f3-11e6-9116-080027178840">
                <description>Able to view users in OpenMRS</description>
                <retired>false</retired>
                <privilege>View Users</privilege>
              </org.openmrs.Privilege>
              <org.openmrs.Privilege reference="32"/>
              <org.openmrs.Privilege reference="33"/>
              <org.openmrs.Privilege reference="34"/>
              <org.openmrs.Privilege reference="35"/>
              <org.openmrs.Privilege id="79" uuid="1b2622cc-c93b-43be-866c-cbe21ff777ce">
                <description>Able to edit Provider</description>
                <retired>false</retired>
                <privilege>Manage Providers</privilege>
              </org.openmrs.Privilege>
              <org.openmrs.Privilege reference="36"/>
              <org.openmrs.Privilege reference="38"/>
              <org.openmrs.Privilege reference="37"/>
              <org.openmrs.Privilege reference="39"/>
              <org.openmrs.Privilege reference="40"/>
              <org.openmrs.Privilege reference="41"/>
              <org.openmrs.Privilege reference="43"/>
              <org.openmrs.Privilege reference="44"/>
              <org.openmrs.Privilege reference="45"/>
              <org.openmrs.Privilege reference="46"/>
              <org.openmrs.Privilege reference="47"/>
              <org.openmrs.Privilege reference="48"/>
              <org.openmrs.Privilege reference="49"/>
              <org.openmrs.Privilege reference="50"/>
              <org.openmrs.Privilege reference="51"/>
              <org.openmrs.Privilege reference="52"/>
              <org.openmrs.Privilege id="80" uuid="c806e042-92f3-11e6-9116-080027178840">
                <description>Able to view patient cohorts</description>
                <retired>false</retired>
                <privilege>View Patient Cohorts</privilege>
              </org.openmrs.Privilege>
              <org.openmrs.Privilege reference="53"/>
              <org.openmrs.Privilege reference="54"/>
              <org.openmrs.Privilege reference="55"/>
              <org.openmrs.Privilege reference="56"/>
              <org.openmrs.Privilege reference="57"/>
              <org.openmrs.Privilege reference="58"/>
              <org.openmrs.Privilege reference="59"/>
              <org.openmrs.Privilege reference="60"/>
              <org.openmrs.Privilege reference="61"/>
              <org.openmrs.Privilege reference="62"/>
              <org.openmrs.Privilege reference="63"/>
              <org.openmrs.Privilege reference="64"/>
              <org.openmrs.Privilege reference="65"/>
              <org.openmrs.Privilege reference="66"/>
              <org.openmrs.Privilege reference="67"/>
              <org.openmrs.Privilege id="81" uuid="3e880a1a-f44e-45b7-a142-6696200479ae">
                <description>Able to delete visits</description>
                <retired>false</retired>
                <privilege>Delete Visits</privilege>
              </org.openmrs.Privilege>
            </privileges>
            <inheritedRoles id="82"/>
            <childRoles id="83"/>
          </org.openmrs.Role>
        </roles>
        <displayPoints id="84">
          <org.openmrs.module.patientflags.DisplayPoint id="85" uuid="c2dd3d18-e0b4-11e6-98e6-080027178840">
            <name>Patient Dashboard Overview</name>
            <creator/>
            <dateCreated id="86">2017-01-22 15:09:24</dateCreated>
            <retired>false</retired>
            <displayPointId>2</displayPointId>
          </org.openmrs.module.patientflags.DisplayPoint>
        </displayPoints>
      </org.openmrs.module.patientflags.Tag>
    </tags>
  </org.openmrs.module.patientflags.Flag>
  <org.openmrs.module.patientflags.Flag id="87" uuid="1e264968-8b24-417a-9177-d0d7e678b9b6">
    <creator/>
    <dateCreated id="88">2017-03-12 05:23:51</dateCreated>
    <changedBy/>
    <dateChanged id="89">2017-03-12 05:24:03</dateChanged>
    <retired>false</retired>
    <flagId>16</flagId>
    <name>No CXR</name>
    <criteria>select distinct p.patient_id from obs observation inner join patient p &#xd;
on observation.person_id = p.patient_id &#xd;
where not exists ( &#xd;
select * from obs o where o.concept_id = 1271 and o.value_coded=12&#xd;
and o.obs_datetime &gt; subdate(now(), 180) &#xd;
and o.obs_datetime &lt; now() &#xd;
and observation.person_id = o.person_id);</criteria>
    <evaluator>org.openmrs.module.patientflags.evaluator.SQLFlagEvaluator</evaluator>
    <message>Please order CXR</message>
    <priority id="90" resolves-to="org.openmrs.module.patientflags.Priority" uuid="a0a09ef6-8ecd-46e7-8299-728cb1b92104">
      <creator/>
      <dateCreated id="91">2017-03-12 04:58:40</dateCreated>
      <retired>false</retired>
      <priorityId>1</priorityId>
      <name>Clinical</name>
      <style>style=&quot;background-color:red;font-size:20px;color:white&quot;</style>
      <rank>2</rank>
    </priority>
    <enabled>true</enabled>
    <tags id="92">
      <org.openmrs.module.patientflags.Tag id="93" uuid="6fec21f2-f7d3-410f-b2b9-5e40bc60f6ee">
        <creator/>
        <dateCreated id="94">2017-03-12 04:51:06</dateCreated>
        <changedBy/>
        <dateChanged id="95">2017-03-12 06:02:03</dateChanged>
        <retired>false</retired>
        <tagId>2</tagId>
        <name>Clinical</name>
        <roles id="96">
          <org.openmrs.Role id="97" uuid="a3df3ba6-88a9-44d0-b5a9-a70f3170e2e1">
            <description>Clinician can view reminders</description>
            <retired>false</retired>
            <role>Clinician - EMR</role>
            <privileges id="98">
              <org.openmrs.Privilege reference="18"/>
              <org.openmrs.Privilege reference="19"/>
              <org.openmrs.Privilege reference="20"/>
              <org.openmrs.Privilege reference="41"/>
              <org.openmrs.Privilege reference="42"/>
              <org.openmrs.Privilege reference="44"/>
              <org.openmrs.Privilege reference="45"/>
              <org.openmrs.Privilege reference="47"/>
              <org.openmrs.Privilege reference="48"/>
              <org.openmrs.Privilege reference="21"/>
              <org.openmrs.Privilege reference="49"/>
              <org.openmrs.Privilege reference="22"/>
              <org.openmrs.Privilege reference="23"/>
              <org.openmrs.Privilege reference="52"/>
              <org.openmrs.Privilege reference="51"/>
              <org.openmrs.Privilege reference="55"/>
              <org.openmrs.Privilege reference="54"/>
              <org.openmrs.Privilege reference="25"/>
              <org.openmrs.Privilege reference="56"/>
              <org.openmrs.Privilege reference="26"/>
              <org.openmrs.Privilege reference="27"/>
              <org.openmrs.Privilege reference="57"/>
              <org.openmrs.Privilege reference="59"/>
              <org.openmrs.Privilege id="99" uuid="c1d7e466-f9dd-4360-87f2-c4b896a83fcd">
                <description>Allows the user to test a flag, or set of flags, against a Patient set</description>
                <retired>false</retired>
                <privilege>Test Flags</privilege>
              </org.openmrs.Privilege>
              <org.openmrs.Privilege reference="28"/>
              <org.openmrs.Privilege reference="29"/>
              <org.openmrs.Privilege reference="30"/>
              <org.openmrs.Privilege reference="62"/>
              <org.openmrs.Privilege reference="63"/>
              <org.openmrs.Privilege reference="64"/>
              <org.openmrs.Privilege reference="33"/>
              <org.openmrs.Privilege reference="65"/>
              <org.openmrs.Privilege reference="34"/>
              <org.openmrs.Privilege reference="35"/>
              <org.openmrs.Privilege reference="66"/>
              <org.openmrs.Privilege reference="36"/>
              <org.openmrs.Privilege reference="38"/>
              <org.openmrs.Privilege reference="37"/>
            </privileges>
            <inheritedRoles id="100"/>
            <childRoles id="101"/>
          </org.openmrs.Role>
        </roles>
        <displayPoints id="102">
          <org.openmrs.module.patientflags.DisplayPoint reference="85"/>
        </displayPoints>
      </org.openmrs.module.patientflags.Tag>
    </tags>
  </org.openmrs.module.patientflags.Flag>
  <org.openmrs.module.patientflags.Flag id="103" uuid="2857cb8a-37a7-4d27-857b-24a69417062c">
    <creator/>
    <dateCreated id="104">2017-03-12 05:25:49</dateCreated>
    <retired>false</retired>
    <flagId>18</flagId>
    <name>Not Attended Clinic &gt;1 month</name>
    <criteria>select o.patient_id from (select person_id as patient_id,max(value_datetime) as max_date from obs where concept_id=5096 group by person_id) as o where o.max_date&lt;date_sub(curdate(),interval 7 day)</criteria>
    <evaluator>org.openmrs.module.patientflags.evaluator.SQLFlagEvaluator</evaluator>
    <message>Not Attended Clinic &gt;1 month</message>
    <priority reference="4"/>
    <enabled>true</enabled>
    <tags id="105">
      <org.openmrs.module.patientflags.Tag reference="7"/>
    </tags>
  </org.openmrs.module.patientflags.Flag>
  <org.openmrs.module.patientflags.Flag id="106" uuid="31ba7431-fe97-4458-8cd6-c5c192d3e141">
    <creator/>
    <dateCreated id="107">2017-01-22 15:12:43</dateCreated>
    <changedBy/>
    <dateChanged id="108">2017-03-12 04:59:13</dateChanged>
    <retired>false</retired>
    <flagId>1</flagId>
    <name>CD4 1yr</name>
    <criteria>select distinct p.patient_id from obs o inner join patient p &#xd;
on o.person_id = p.patient_id &#xd;
inner join (select person_id, max(obs_datetime) as max_datetime &#xd;
from obs where concept_id = 5497 group by person_id) &#xd;
maximum on o.person_id = maximum.person_id &#xd;
and o.obs_datetime = maximum.max_datetime &#xd;
inner join (select patient_id from orders where start_date &lt; date_sub(curdate(),INTERVAL 1 YEAR)) art&#xd;
on art.patient_id=o.person_id&#xd;
where o.value_numeric &lt; 100 and concept_id = 5497;</criteria>
    <evaluator>org.openmrs.module.patientflags.evaluator.SQLFlagEvaluator</evaluator>
    <message>Please check Viral Load (CD4&lt;100 and current ART for 1 year)</message>
    <priority reference="90"/>
    <enabled>true</enabled>
    <tags id="109">
      <org.openmrs.module.patientflags.Tag reference="93"/>
    </tags>
  </org.openmrs.module.patientflags.Flag>
  <org.openmrs.module.patientflags.Flag id="110" uuid="3f32ec14-29e0-479d-aa12-a63a0d07c6fd">
    <creator/>
    <dateCreated id="111">2017-03-12 05:28:42</dateCreated>
    <retired>false</retired>
    <flagId>22</flagId>
    <name>On NVP and CD4 &gt;400</name>
    <criteria>select orders.patient_id from orders where (concept_id=792 or concept_id=631) and voided=0 and discontinued=0 and patient_id in (select person_id from obs where concept_id=5497 and value_numeric&gt;400)</criteria>
    <evaluator>org.openmrs.module.patientflags.evaluator.SQLFlagEvaluator</evaluator>
    <message>Check Regimen (On NVP and CD4 &gt;400)</message>
    <priority reference="90"/>
    <enabled>true</enabled>
    <tags id="112">
      <org.openmrs.module.patientflags.Tag reference="93"/>
    </tags>
  </org.openmrs.module.patientflags.Flag>
  <org.openmrs.module.patientflags.Flag id="113" uuid="486325d0-95dd-46f3-8e56-6dca16f35e36">
    <creator/>
    <dateCreated id="114">2017-03-12 05:23:05</dateCreated>
    <retired>false</retired>
    <flagId>15</flagId>
    <name>Missing first WHO Stage</name>
    <criteria>select patient.patient_id from patient where patient_id not in (select person_id from obs join patient_program on person_id=patient_id where concept_id=5356 and obs_datetime&lt;date_add(date_enrolled,INTERVAL 6 MONTH));</criteria>
    <evaluator>org.openmrs.module.patientflags.evaluator.SQLFlagEvaluator</evaluator>
    <message>Missing first WHO Stage</message>
    <priority reference="4"/>
    <enabled>true</enabled>
    <tags id="115">
      <org.openmrs.module.patientflags.Tag reference="7"/>
    </tags>
  </org.openmrs.module.patientflags.Flag>
  <org.openmrs.module.patientflags.Flag id="116" uuid="5002ff74-7f72-44ae-ac65-e431825c017a">
    <creator/>
    <dateCreated id="117">2017-03-12 05:30:18</dateCreated>
    <retired>false</retired>
    <flagId>23</flagId>
    <name>On d4T regimen</name>
    <criteria>select orders.patient_id from orders where ((concept_id=792 or concept_id=6251) and (discontinued=0 or discontinued_date &gt; curdate()));</criteria>
    <evaluator>org.openmrs.module.patientflags.evaluator.SQLFlagEvaluator</evaluator>
    <message>On d4T. Consider changing regimen</message>
    <priority reference="90"/>
    <enabled>true</enabled>
    <tags id="118">
      <org.openmrs.module.patientflags.Tag reference="93"/>
    </tags>
  </org.openmrs.module.patientflags.Flag>
  <org.openmrs.module.patientflags.Flag id="119" uuid="55fdcd2c-4e59-46ec-972c-4fd84df4e8a2">
    <creator/>
    <dateCreated id="120">2017-03-12 05:27:12</dateCreated>
    <retired>false</retired>
    <flagId>20</flagId>
    <name>On EFZ and on Rifampacin</name>
    <criteria>select orders.patient_id from orders where concept_id=633 and voided=0 and discontinued=0 and patient_id in (select person_id from obs inner join (select max(encounter_datetime) as ma,patient_id from encounter where form_id=2 group by patient_id) as inn on person_id=patient_id and obs_datetime=inn.ma where concept_id=1193 and value_coded in (768,1131,1194))</criteria>
    <evaluator>org.openmrs.module.patientflags.evaluator.SQLFlagEvaluator</evaluator>
    <message>Check Regimen (On EFZ and Rifampicin)</message>
    <priority reference="90"/>
    <enabled>true</enabled>
    <tags id="121">
      <org.openmrs.module.patientflags.Tag reference="93"/>
    </tags>
  </org.openmrs.module.patientflags.Flag>
  <org.openmrs.module.patientflags.Flag id="122" uuid="65495652-bf2b-43c1-99f6-78cd45be8954">
    <creator/>
    <dateCreated id="123">2017-03-12 05:14:43</dateCreated>
    <retired>false</retired>
    <flagId>9</flagId>
    <name>Missing HIV Positive date</name>
    <criteria>select patient.patient_id from patient where patient_id not in (select person_id from obs where concept_id=6259 or (concept_id=6277 and (value_numeric=0 or value_boolean=0)) and voided=0)</criteria>
    <evaluator>org.openmrs.module.patientflags.evaluator.SQLFlagEvaluator</evaluator>
    <message>Missing HIV Positive date</message>
    <priority reference="4"/>
    <enabled>true</enabled>
    <tags id="124">
      <org.openmrs.module.patientflags.Tag reference="7"/>
    </tags>
  </org.openmrs.module.patientflags.Flag>
  <org.openmrs.module.patientflags.Flag id="125" uuid="6c6fd0bb-dedf-4194-85a2-13a3f4d0960f">
    <creator/>
    <dateCreated id="126">2017-03-12 05:31:00</dateCreated>
    <retired>false</retired>
    <flagId>24</flagId>
    <name>VL &gt;10,000</name>
    <criteria>select distinct p.patient_id from obs o inner join patient p &#xd;
on o.person_id = p.patient_id &#xd;
inner join (select person_id, max(obs_datetime) as max_datetime &#xd;
from obs where concept_id = 856 group by person_id) &#xd;
maximum on o.person_id = maximum.person_id &#xd;
and o.obs_datetime = maximum.max_datetime &#xd;
where o.value_numeric &gt; 10000 and concept_id = 856;</criteria>
    <evaluator>org.openmrs.module.patientflags.evaluator.SQLFlagEvaluator</evaluator>
    <message>Consider changing ART (VL &gt;10,000 copies/ml)</message>
    <priority reference="90"/>
    <enabled>true</enabled>
    <tags id="127">
      <org.openmrs.module.patientflags.Tag reference="93"/>
    </tags>
  </org.openmrs.module.patientflags.Flag>
  <org.openmrs.module.patientflags.Flag id="128" uuid="6ddb3d6a-4394-41ee-b4ce-71c4a7e86402">
    <creator/>
    <dateCreated id="129">2017-03-12 05:19:59</dateCreated>
    <retired>false</retired>
    <flagId>11</flagId>
    <name>Missing Program Enrolment Date</name>
    <criteria>select patient.patient_id from patient where patient_id not in (select patient_id from patient_program where program_id=1 and voided=0);</criteria>
    <evaluator>org.openmrs.module.patientflags.evaluator.SQLFlagEvaluator</evaluator>
    <message>Missing Program Enrolment Date</message>
    <priority reference="4"/>
    <enabled>true</enabled>
    <tags id="130">
      <org.openmrs.module.patientflags.Tag reference="7"/>
    </tags>
  </org.openmrs.module.patientflags.Flag>
  <org.openmrs.module.patientflags.Flag id="131" uuid="74b6aeb7-ee83-4756-93f1-554b94235395">
    <creator/>
    <dateCreated id="132">2017-03-12 05:28:01</dateCreated>
    <retired>false</retired>
    <flagId>21</flagId>
    <name>On EFZ and pregnant</name>
    <criteria>select orders.patient_id from orders where concept_id=633 and voided=0 and discontinued=0 and patient_id in (select person_id from obs inner join (select max(encounter_datetime) as ma,patient_id from encounter where form_id=2 group by patient_id) as inn on person_id=patient_id and obs_datetime=inn.ma where concept_id=5272 and (value_numeric=1 or value_boolean=1))</criteria>
    <evaluator>org.openmrs.module.patientflags.evaluator.SQLFlagEvaluator</evaluator>
    <message>Check Regimen (On EFZ and pregnant)</message>
    <priority reference="90"/>
    <enabled>true</enabled>
    <tags id="133">
      <org.openmrs.module.patientflags.Tag reference="93"/>
    </tags>
  </org.openmrs.module.patientflags.Flag>
  <org.openmrs.module.patientflags.Flag id="134" uuid="81ce6236-4c1e-44f2-834f-66122f76ec83">
    <creator/>
    <dateCreated id="135">2017-03-12 05:02:03</dateCreated>
    <retired>false</retired>
    <flagId>8</flagId>
    <name>Eligible for ART but not on ART</name>
    <criteria>select patient.patient_id from patient where (patient_id in (select person_id from obs where concept_id=5356 and (value_coded=1206 or value_coded=1207)) or patient_id in(select person_id from obs where concept_id=5497 and value_numeric&lt;350)) and patient_id not in (Select patient_id from orders where voided=0)</criteria>
    <evaluator>org.openmrs.module.patientflags.evaluator.SQLFlagEvaluator</evaluator>
    <message>Eligible for ART but not on ART</message>
    <priority reference="4"/>
    <enabled>true</enabled>
    <tags id="136">
      <org.openmrs.module.patientflags.Tag reference="7"/>
    </tags>
  </org.openmrs.module.patientflags.Flag>
  <org.openmrs.module.patientflags.Flag id="137" uuid="934d0edf-e9e3-46ef-9c62-9b0f2342eb16">
    <creator/>
    <dateCreated id="138">2017-03-12 04:57:40</dateCreated>
    <changedBy/>
    <dateChanged id="139">2017-03-12 05:00:06</dateChanged>
    <retired>false</retired>
    <flagId>6</flagId>
    <name>Eligible for ART but no date</name>
    <criteria>select patient.patient_id from patient where (patient_id in (select person_id from obs where concept_id=5356 and (value_coded=1206 or value_coded=1207)) or patient_id in(select person_id from obs where concept_id=5497 and value_numeric&lt;350)) and patient_id not in (Select person_id from obs where concept_id=6260 and voided=0)</criteria>
    <evaluator>org.openmrs.module.patientflags.evaluator.SQLFlagEvaluator</evaluator>
    <message>Eligible for ART but no ART eligibility date recorded</message>
    <priority reference="90"/>
    <enabled>true</enabled>
    <tags id="140">
      <org.openmrs.module.patientflags.Tag reference="93"/>
    </tags>
  </org.openmrs.module.patientflags.Flag>
  <org.openmrs.module.patientflags.Flag id="141" uuid="9ddd5bc3-9f3a-4e60-b8cd-524af3c3b64e">
    <creator/>
    <dateCreated id="142">2017-03-12 04:55:29</dateCreated>
    <changedBy/>
    <dateChanged id="143">2017-03-12 04:59:46</dateChanged>
    <retired>false</retired>
    <flagId>4</flagId>
    <name>CD4 &gt;400 and 1yr</name>
    <criteria>select distinct p.patient_id from obs o inner join patient p &#xd;
on o.person_id = p.patient_id &#xd;
inner join (select person_id, max(obs_datetime) as max_datetime &#xd;
from obs where concept_id = 5497 group by person_id) &#xd;
maximum on o.person_id = maximum.person_id &#xd;
and o.obs_datetime = maximum.max_datetime &#xd;
where o.value_numeric &gt; 400 and concept_id = 5497 and maximum.max_datetime &lt; date_sub(curdate(),INTERVAL 1 year);</criteria>
    <evaluator>org.openmrs.module.patientflags.evaluator.SQLFlagEvaluator</evaluator>
    <message>Please order CD4 (CD4&gt;400 and not ordered in 1 year)</message>
    <priority reference="90"/>
    <enabled>true</enabled>
    <tags id="144">
      <org.openmrs.module.patientflags.Tag reference="93"/>
    </tags>
  </org.openmrs.module.patientflags.Flag>
  <org.openmrs.module.patientflags.Flag id="145" uuid="a25cb0ea-f0aa-4c90-bcab-a46f71b44e39">
    <creator/>
    <dateCreated id="146">2017-03-12 04:56:40</dateCreated>
    <changedBy/>
    <dateChanged id="147">2017-03-12 04:59:54</dateChanged>
    <retired>false</retired>
    <flagId>5</flagId>
    <name>Duplicate Initial Clinic Form</name>
    <criteria>select f.patient_id from (select count(encounter_id) as count_no, patient_id from encounter where encounter_type=1 and voided=0 group by patient_id) as f where count_no &gt;1</criteria>
    <evaluator>org.openmrs.module.patientflags.evaluator.SQLFlagEvaluator</evaluator>
    <message>Duplicate Initial Clinic Form</message>
    <priority reference="4"/>
    <enabled>true</enabled>
    <tags id="148">
      <org.openmrs.module.patientflags.Tag reference="7"/>
    </tags>
  </org.openmrs.module.patientflags.Flag>
  <org.openmrs.module.patientflags.Flag id="149" uuid="a31a634c-f394-48d7-9198-edcc203af3f0">
    <creator/>
    <dateCreated id="150">2017-03-12 05:22:27</dateCreated>
    <retired>false</retired>
    <flagId>14</flagId>
    <name>Missing first CD4 count</name>
    <criteria>select patient.patient_id  from patient where patient_id not in (select person_id from obs join patient_program on person_id=patient_id where concept_id=5497 and obs_datetime&lt;date_add(date_enrolled,INTERVAL 6 MONTH)) and patient_id in (SELECT patient_id from patient_program where program_id=1 and voided=0) and patient_id not in (SELECT person_id from obs join patient_program on person_id=patient_id where concept_id=6375 and (value_boolean=0 or value_numeric=0) and obs_datetime&lt;date_add(date_enrolled,INTERVAL 6 MONTH));</criteria>
    <evaluator>org.openmrs.module.patientflags.evaluator.SQLFlagEvaluator</evaluator>
    <message>Missing first CD4 count</message>
    <priority reference="4"/>
    <enabled>true</enabled>
    <tags id="151">
      <org.openmrs.module.patientflags.Tag reference="7"/>
    </tags>
  </org.openmrs.module.patientflags.Flag>
  <org.openmrs.module.patientflags.Flag id="152" uuid="a4c6eafd-4507-4405-8364-e5fb6971e1f0">
    <creator/>
    <dateCreated id="153">2017-03-12 05:17:44</dateCreated>
    <retired>false</retired>
    <flagId>10</flagId>
    <name>Missing Initial Visit Form at time of SWS Survey</name>
    <criteria>select patient.patient_id from patient where patient_id not in (select patient_id from encounter where encounter_type=1);</criteria>
    <evaluator>org.openmrs.module.patientflags.evaluator.SQLFlagEvaluator</evaluator>
    <message>Missing Initial Visit Form at time of SWS Survey</message>
    <priority reference="4"/>
    <enabled>true</enabled>
    <tags id="154">
      <org.openmrs.module.patientflags.Tag reference="7"/>
    </tags>
  </org.openmrs.module.patientflags.Flag>
  <org.openmrs.module.patientflags.Flag id="155" uuid="aea36a83-418f-47d4-adfe-6e62bc246776">
    <creator/>
    <dateCreated id="156">2017-03-12 05:00:59</dateCreated>
    <retired>false</retired>
    <flagId>7</flagId>
    <name>Eligible for ART but not on ART</name>
    <criteria>select patient.patient_id from patient where (patient_id in (select person_id from obs where concept_id=5356 and (value_coded=1206 or value_coded=1207) and voided=0) or patient_id in(select person_id from obs where concept_id=5497 and value_numeric&lt;350 and voided=0)) and patient_id not in (Select patient_id from orders where voided=0)</criteria>
    <evaluator>org.openmrs.module.patientflags.evaluator.SQLFlagEvaluator</evaluator>
    <message>Eligible for ART but not on ART</message>
    <priority reference="90"/>
    <enabled>true</enabled>
    <tags id="157">
      <org.openmrs.module.patientflags.Tag reference="93"/>
    </tags>
  </org.openmrs.module.patientflags.Flag>
  <org.openmrs.module.patientflags.Flag id="158" uuid="b2e5ce31-5243-4df2-b184-c14757b260eb">
    <creator/>
    <dateCreated id="159">2017-03-12 04:54:41</dateCreated>
    <changedBy/>
    <dateChanged id="160">2017-03-12 04:59:30</dateChanged>
    <retired>false</retired>
    <flagId>3</flagId>
    <name>CD4 &lt;400 and 6/12</name>
    <criteria>select distinct p.patient_id from obs o inner join patient p &#xd;
on o.person_id = p.patient_id &#xd;
inner join (select person_id, max(obs_datetime) as max_datetime &#xd;
from obs where concept_id = 5497 group by person_id) &#xd;
maximum on o.person_id = maximum.person_id &#xd;
and o.obs_datetime = maximum.max_datetime &#xd;
where o.value_numeric &lt; 400 and concept_id = 5497 and maximum.max_datetime &lt; date_sub(curdate(),INTERVAL 6 MONTH);</criteria>
    <evaluator>org.openmrs.module.patientflags.evaluator.SQLFlagEvaluator</evaluator>
    <message>Please order CD4 (CD4&lt;400 and not ordered in 6 months)</message>
    <priority reference="90"/>
    <enabled>true</enabled>
    <tags id="161">
      <org.openmrs.module.patientflags.Tag reference="93"/>
    </tags>
  </org.openmrs.module.patientflags.Flag>
  <org.openmrs.module.patientflags.Flag id="162" uuid="c008e359-8813-4df7-b99a-7e703e28012f">
    <creator/>
    <dateCreated id="163">2017-03-12 05:26:29</dateCreated>
    <retired>false</retired>
    <flagId>19</flagId>
    <name>On AZT and Anaemic</name>
    <criteria>select orders.patient_id from orders where (concept_id=797 or concept_id=630) and voided=0 and discontinued=0 and patient_id in ( select obs.person_id from obs inner join (select person_id,max(obs_datetime) as m from obs where concept_id=21 group by person_id) as a on a.person_id=obs.person_id  and a.m=obs_datetime where concept_id=21 and value_numeric &lt;9);</criteria>
    <evaluator>org.openmrs.module.patientflags.evaluator.SQLFlagEvaluator</evaluator>
    <message>Check Regimen (On AZT and Hb&lt;9)</message>
    <priority reference="90"/>
    <enabled>true</enabled>
    <tags id="164">
      <org.openmrs.module.patientflags.Tag reference="93"/>
    </tags>
  </org.openmrs.module.patientflags.Flag>
  <org.openmrs.module.patientflags.Flag id="165" uuid="dc85350d-927a-4bc1-be57-2937053f8481">
    <creator/>
    <dateCreated id="166">2017-03-12 04:47:42</dateCreated>
    <changedBy/>
    <dateChanged id="167">2017-03-12 04:59:20</dateChanged>
    <retired>false</retired>
    <flagId>2</flagId>
    <name>CD4 &lt;100</name>
    <criteria>select distinct p.patient_id from obs o inner join patient p &#xd;
on o.person_id = p.patient_id &#xd;
inner join (select person_id, max(obs_datetime) as max_datetime &#xd;
from obs where concept_id = 5497 and voided=0 group by person_id) &#xd;
maximum on o.person_id = maximum.person_id &#xd;
and o.obs_datetime = maximum.max_datetime &#xd;
where o.value_numeric &lt; 100 and o.concept_id=5497;</criteria>
    <evaluator>org.openmrs.module.patientflags.evaluator.SQLFlagEvaluator</evaluator>
    <message>Please investigate CD4&lt;100</message>
    <priority reference="90"/>
    <enabled>true</enabled>
    <tags id="168">
      <org.openmrs.module.patientflags.Tag reference="93"/>
    </tags>
  </org.openmrs.module.patientflags.Flag>
  <org.openmrs.module.patientflags.Flag id="169" uuid="e8f93ad3-15ac-4212-bde6-30c4a842fa47">
    <creator/>
    <dateCreated id="170">2017-03-12 05:21:04</dateCreated>
    <retired>false</retired>
    <flagId>12</flagId>
    <name>Missing Program Enrolment Location</name>
    <criteria>select patient.patient_id from patient where patient_id not in (select patient_id from patient_program where location_id is not null and voided=0)</criteria>
    <evaluator>org.openmrs.module.patientflags.evaluator.SQLFlagEvaluator</evaluator>
    <message>Missing Program Enrolment Location</message>
    <priority reference="4"/>
    <enabled>true</enabled>
    <tags id="171">
      <org.openmrs.module.patientflags.Tag reference="7"/>
    </tags>
  </org.openmrs.module.patientflags.Flag>
  <org.openmrs.module.patientflags.Flag id="172" uuid="ffde809b-ebc1-412d-b20e-65577c1e716a">
    <creator/>
    <dateCreated id="173">2017-03-12 05:25:00</dateCreated>
    <retired>false</retired>
    <flagId>17</flagId>
    <name>No VDRL</name>
    <criteria>select distinct p.patient_id from obs observation inner join patient p &#xd;
on observation.person_id = p.patient_id &#xd;
where not exists ( &#xd;
select * from obs o where o.concept_id = 1271 &#xd;
and value_coded=299&#xd;
and observation.person_id = o.person_id);</criteria>
    <evaluator>org.openmrs.module.patientflags.evaluator.SQLFlagEvaluator</evaluator>
    <message>Please order VDRL</message>
    <priority reference="90"/>
    <enabled>true</enabled>
    <tags id="174">
      <org.openmrs.module.patientflags.Tag reference="93"/>
    </tags>
  </org.openmrs.module.patientflags.Flag>
</list>
