<?xml version="1.0" encoding="UTF-8"?>
<package id="1" uuid="27834ae4-7ebb-436b-98e4-3e8bea538bec">
  <dateCreated id="2">2017-03-12 06:09:55</dateCreated>
  <name>html_forms</name>
  <description>Html Form entries</description>
  <openmrsVersion>1.9.8  Build fd241c</openmrsVersion>
  <version>1</version>
  <groupUuid>e1b786d8-59e8-470e-abf7-4c8c821cc442</groupUuid>
  <modules id="3">
    <entry>
      <string>metadatadeploy</string>
      <string>1.5</string>
    </entry>
    <entry>
      <string>htmlformentry</string>
      <string>2.6</string>
    </entry>
    <entry>
      <string>metadatamapping</string>
      <string>1.0.2</string>
    </entry>
    <entry>
      <string>metadatasharing</string>
      <string>1.1.9</string>
    </entry>
    <entry>
      <string>patientflags</string>
      <string>1.3.4</string>
    </entry>
    <entry>
      <string>logic</string>
      <string>0.5.2</string>
    </entry>
  </modules>
  <items class="linked-hash-set" id="4">
    <org.openmrs.module.metadatasharing.Item id="5" uuid="4e8cbc40-89e2-41d2-aa35-ff1f410b01ad">
      <id>2</id>
      <classname>org.openmrs.module.htmlformentry.HtmlForm</classname>
      <dateChanged id="6">2016-11-13 08:13:34</dateChanged>
      <retired>false</retired>
    </org.openmrs.module.metadatasharing.Item>
    <org.openmrs.module.metadatasharing.Item id="7" uuid="65b681a7-7ede-4db5-ac3c-7a5fe7b785e5">
      <id>1</id>
      <classname>org.openmrs.module.htmlformentry.HtmlForm</classname>
      <dateChanged id="8">2016-10-23 07:13:47</dateChanged>
      <retired>false</retired>
    </org.openmrs.module.metadatasharing.Item>
    <org.openmrs.module.metadatasharing.Item id="9" uuid="6eaae471-5fd0-40b5-ac56-7b5f1a72e87d">
      <id>4</id>
      <classname>org.openmrs.module.htmlformentry.HtmlForm</classname>
      <dateChanged id="10">2016-11-13 08:14:02</dateChanged>
      <retired>false</retired>
    </org.openmrs.module.metadatasharing.Item>
    <org.openmrs.module.metadatasharing.Item id="11" uuid="b90334df-6cbf-430a-a527-fb9830d75eb6">
      <id>3</id>
      <classname>org.openmrs.module.htmlformentry.HtmlForm</classname>
      <dateChanged id="12">2016-11-13 08:14:01</dateChanged>
      <retired>false</retired>
    </org.openmrs.module.metadatasharing.Item>
  </items>
  <relatedItems class="linked-hash-set" id="13">
    <org.openmrs.module.metadatasharing.Item id="14" uuid="8f929eec-6141-4642-9d50-790d429af469">
      <id>2</id>
      <classname>org.openmrs.Form</classname>
      <dateChanged id="15">2016-11-13 08:13:34</dateChanged>
      <retired>false</retired>
    </org.openmrs.module.metadatasharing.Item>
    <org.openmrs.module.metadatasharing.Item id="16" uuid="a3b8de11-1169-4d4b-8200-79684e437f16">
      <id>1</id>
      <classname>org.openmrs.Form</classname>
      <dateChanged id="17">2016-10-23 07:13:47</dateChanged>
      <retired>false</retired>
    </org.openmrs.module.metadatasharing.Item>
    <org.openmrs.module.metadatasharing.Item id="18" uuid="8dc6431f-e622-422f-90e8-31fe4067ba06">
      <id>4</id>
      <classname>org.openmrs.Form</classname>
      <dateChanged id="19">2016-11-13 08:14:02</dateChanged>
      <retired>false</retired>
    </org.openmrs.module.metadatasharing.Item>
    <org.openmrs.module.metadatasharing.Item id="20" uuid="2eb788b9-e1c0-4b10-930d-b6675ffac74b">
      <id>3</id>
      <classname>org.openmrs.Form</classname>
      <dateChanged id="21">2016-11-13 08:14:01</dateChanged>
      <retired>false</retired>
    </org.openmrs.module.metadatasharing.Item>
  </relatedItems>
</package>
