<?xml version="1.0" encoding="UTF-8"?>
<list id="1">
  <org.openmrs.module.htmlformentry.HtmlForm id="2" uuid="4e8cbc40-89e2-41d2-aa35-ff1f410b01ad">
    <creator/>
    <dateCreated id="3">2016-11-13 08:13:34</dateCreated>
    <retired>false</retired>
    <id>2</id>
    <form id="4" resolves-to="org.openmrs.Form" uuid="8f929eec-6141-4642-9d50-790d429af469">
      <name>Revisit</name>
      <creator/>
      <dateCreated id="5">2016-11-13 08:13:34</dateCreated>
      <retired>false</retired>
      <formId>2</formId>
      <version>1.0</version>
      <published>false</published>
      <formFields id="6"/>
    </form>
    <xmlData>&lt;htmlform&gt;&#xd;
	&lt;!-- Autogenerated example form  (template from 01-Nov-2010 --&gt;&#xd;
	&lt;macros&gt;&#xd;
		paperFormId = (Fill this in)&#xd;
		headerColor =#009d8e&#xd;
		fontOnHeaderColor = white&#xd;
	&lt;/macros&gt;&#xd;
&#xd;
	&lt;style&gt;&#xd;
		.section {&#xd;
			border: 1px solid $headerColor;&#xd;
			padding: 2px;&#xd;
			text-align: left;&#xd;
			margin-bottom: 1em;&#xd;
		}&#xd;
		.sectionHeader {&#xd;
			background-color: $headerColor;&#xd;
			color: $fontOnHeaderColor;&#xd;
			display: block;&#xd;
			padding: 2px;&#xd;
			font-weight: bold;&#xd;
		}&#xd;
		table.baseline-aligned td {&#xd;
			vertical-align: baseline;&#xd;
		}&#xd;
	&lt;/style&gt;&#xd;
&#xd;
	&lt;span style=&quot;float:right&quot;&gt;Paper Form ID: $paperFormId&lt;/span&gt;&#xd;
	&lt;h2&gt;Revisit (v)&lt;/h2&gt;&#xd;
&#xd;
	&lt;section headerLabel=&quot;1. Encounter Details&quot;&gt;&#xd;
		&lt;table class=&quot;baseline-aligned&quot;&gt;&#xd;
			&lt;tr&gt;&#xd;
				&lt;td&gt;Date:&lt;/td&gt;&#xd;
				&lt;td&gt;&lt;encounterDate default=&quot;today&quot;/&gt;&lt;/td&gt;&#xd;
			&lt;/tr&gt;&#xd;
			&lt;tr&gt;&#xd;
				&lt;td&gt;Location:&lt;/td&gt;&#xd;
				&lt;td&gt;&lt;encounterLocation/&gt;&lt;/td&gt;&#xd;
			&lt;/tr&gt;&#xd;
			&lt;tr&gt;&#xd;
				&lt;td&gt;Provider:&lt;/td&gt;&#xd;
				&lt;td&gt;&lt;encounterProvider/&gt;&lt;/td&gt;&#xd;
			&lt;/tr&gt;&#xd;
		&lt;/table&gt;&#xd;
	&lt;/section&gt;&#xd;
&#xd;
	&lt;section headerLabel=&quot;2. Demographic Information&quot;&gt;&#xd;
		&lt;table class=&quot;baseline-aligned&quot;&gt;&#xd;
			&lt;tr&gt;&#xd;
				&lt;td&gt;Name:&lt;/td&gt;&#xd;
				&lt;td&gt;&lt;lookup class=&quot;value&quot; expression=&quot;patient.personName&quot;/&gt;&lt;/td&gt;&#xd;
			&lt;/tr&gt;&#xd;
			&lt;tr&gt;&#xd;
				&lt;td&gt;Old Identification Number:&lt;/td&gt;&#xd;
				&lt;td&gt;&lt;lookup class=&quot;value&quot; complexExpression=&quot;#foreach( $patId in $patientIdentifiers.get(&apos;Old Identification Number&apos;) ) $patId #end &quot;/&gt;&lt;/td&gt;&#xd;
			&lt;/tr&gt;&#xd;
			&lt;tr&gt;&#xd;
				&lt;td&gt;OpenMRS Identification Number:&lt;/td&gt;&#xd;
				&lt;td&gt;&lt;lookup class=&quot;value&quot; complexExpression=&quot;#foreach( $patId in $patientIdentifiers.get(&apos;OpenMRS Identification Number&apos;) ) $patId #end &quot;/&gt;&lt;/td&gt;&#xd;
			&lt;/tr&gt;&#xd;
			&lt;tr&gt;&#xd;
				&lt;td&gt;Gender:&lt;/td&gt;&#xd;
				&lt;td&gt;&lt;lookup class=&quot;value&quot; expression=&quot;patient.gender&quot;/&gt;&lt;/td&gt;&#xd;
			&lt;/tr&gt;&#xd;
			&lt;tr&gt;&#xd;
				&lt;td&gt;Birthdate:&lt;/td&gt;&#xd;
				&lt;td&gt;&#xd;
					&lt;lookup class=&quot;value&quot; complexExpression=&quot;#if( \$patient.birthdateEstimated ) ~#end&quot;/&gt; &lt;lookup class=&quot;value&quot; expression=&quot;patient.birthdate&quot;/&gt;&#xd;
					(Age: &lt;lookup class=&quot;value&quot; expression=&quot;patient.age&quot;/&gt;)&#xd;
				&lt;/td&gt;&#xd;
			&lt;/tr&gt;&#xd;
			&lt;tr&gt;&#xd;
				&lt;td&gt;Birthplace:&lt;/td&gt;&#xd;
				&lt;td&gt;&lt;lookup class=&quot;value&quot; expression=&quot;personAttributes.get(&apos;Birthplace&apos;)&quot;/&gt;&lt;/td&gt;&#xd;
			&lt;/tr&gt;&#xd;
			&lt;tr&gt;&#xd;
				&lt;td&gt;Citizenship:&lt;/td&gt;&#xd;
				&lt;td&gt;&lt;lookup class=&quot;value&quot; expression=&quot;personAttributes.get(&apos;Citizenship&apos;)&quot;/&gt;&lt;/td&gt;&#xd;
			&lt;/tr&gt;&#xd;
			&lt;tr&gt;&#xd;
				&lt;td&gt;Civil Status:&lt;/td&gt;&#xd;
				&lt;td&gt;&lt;lookup class=&quot;value&quot; expression=&quot;personAttributes.get(&apos;Civil Status&apos;).name.name&quot;/&gt;&lt;/td&gt;&#xd;
			&lt;/tr&gt;&#xd;
			&lt;tr&gt;&#xd;
				&lt;td&gt;Health Center:&lt;/td&gt;&#xd;
				&lt;td&gt;&lt;lookup class=&quot;value&quot; expression=&quot;personAttributes.get(&apos;Health Center&apos;)&quot;/&gt;&lt;/td&gt;&#xd;
			&lt;/tr&gt;&#xd;
			&lt;tr&gt;&#xd;
				&lt;td&gt;Health District:&lt;/td&gt;&#xd;
				&lt;td&gt;&lt;lookup class=&quot;value&quot; expression=&quot;personAttributes.get(&apos;Health District&apos;)&quot;/&gt;&lt;/td&gt;&#xd;
			&lt;/tr&gt;&#xd;
			&lt;tr&gt;&#xd;
				&lt;td&gt;Mother&apos;s Name:&lt;/td&gt;&#xd;
				&lt;td&gt;&lt;lookup class=&quot;value&quot; expression=&quot;personAttributes.get(&apos;Mothers Name&apos;)&quot;/&gt;&lt;/td&gt;&#xd;
			&lt;/tr&gt;&#xd;
			&lt;tr&gt;&#xd;
				&lt;td&gt;Race:&lt;/td&gt;&#xd;
				&lt;td&gt;&lt;lookup class=&quot;value&quot; expression=&quot;personAttributes.get(&apos;Race&apos;)&quot;/&gt;&lt;/td&gt;&#xd;
			&lt;/tr&gt;&#xd;
		&lt;/table&gt;&#xd;
	&lt;/section&gt;&#xd;
&#xd;
	&lt;submit/&gt;&#xd;
&#xd;
&lt;!-- END OF FORM&#xd;
&#xd;
Simple examples to copy-and-paste. Full reference at http://wiki.openmrs.org/x/kg8z&#xd;
&#xd;
SECTION&#xd;
	&lt;section headerLabel=&quot;\#. Title&quot;&gt;&#xd;
		Content&#xd;
	&lt;/section&gt;&#xd;
&#xd;
NUMERIC OBSERVATION&#xd;
	&lt;obs conceptId=&quot;id-of-numeric-concept&quot; labelText=&quot;Label before&quot;/&gt;&#xd;
&#xd;
DATE OBSERVATION&#xd;
	&lt;obs conceptId=&quot;id-of-date-concept&quot; labelText=&quot;Label before&quot;/&gt;&#xd;
&#xd;
CODED OBSERVATION&#xd;
(as a dropdown)&#xd;
	&lt;obs conceptId=&quot;id-of-coded-concept&quot; labelText=&quot;Label before&quot;/&gt;&#xd;
(as radio buttons)&#xd;
	&lt;obs conceptId=&quot;id-of-coded-concept&quot; labelText=&quot;Label before&quot; style=&quot;radio&quot;/&gt;&#xd;
(as an autocomplete)&#xd;
	&lt;obs conceptId=&quot;id-of-coded-concept&quot; labelText=&quot;Label before&quot; style=&quot;autocomplete&quot; answerClasses=&quot;Diagnosis&quot;/&gt;&#xd;
(as a checkbox for a specific answer)&#xd;
	&lt;obs conceptId=&quot;id-of-coded-concept&quot; labelText=&quot;Label before&quot; answerConceptId=&quot;id-of-answer-concept&quot; answerLabel=&quot;label for answer&quot;/&gt;&#xd;
(as a dropdown with specific choices)&#xd;
	&lt;obs conceptId=&quot;id-of-coded-concept&quot; labelText=&quot;Label before&quot; answerConceptIds=&quot;concept-id-1,concept-id-2,concept-id-3&quot; answerLabels=&quot;Label 1,Label 2, Label 3&quot;/&gt;&#xd;
&#xd;
&#xd;
FREE TEXT OBSERVATION&#xd;
(as a normal text field)&#xd;
	&lt;obs conceptId=&quot;id-of-text-concept&quot; labelText=&quot;Label before&quot;/&gt;&#xd;
(as a textarea)&#xd;
	&lt;obs conceptId=&quot;id-of-text-concept&quot; labelText=&quot;Label before&quot; rows=&quot;4&quot; cols=&quot;80&quot;/&gt;&#xd;
--&gt;&#xd;
&lt;/htmlform&gt;</xmlData>
    <dependencies class="set" id="7"/>
  </org.openmrs.module.htmlformentry.HtmlForm>
  <org.openmrs.module.htmlformentry.HtmlForm id="8" uuid="65b681a7-7ede-4db5-ac3c-7a5fe7b785e5">
    <creator/>
    <dateCreated id="9">2016-10-23 07:13:47</dateCreated>
    <retired>false</retired>
    <id>1</id>
    <form id="10" resolves-to="org.openmrs.Form" uuid="a3b8de11-1169-4d4b-8200-79684e437f16">
      <name>test</name>
      <description>test</description>
      <creator/>
      <dateCreated id="11">2016-10-23 07:13:47</dateCreated>
      <retired>false</retired>
      <formId>1</formId>
      <version>1</version>
      <published>false</published>
      <formFields id="12"/>
    </form>
    <xmlData>&lt;htmlform&gt;&#xd;
	&lt;!-- Autogenerated example form  (template from 01-Nov-2010 --&gt;&#xd;
	&lt;macros&gt;&#xd;
		paperFormId = (Fill this in)&#xd;
		headerColor =#009d8e&#xd;
		fontOnHeaderColor = white&#xd;
	&lt;/macros&gt;&#xd;
&#xd;
	&lt;style&gt;&#xd;
		.section {&#xd;
			border: 1px solid $headerColor;&#xd;
			padding: 2px;&#xd;
			text-align: left;&#xd;
			margin-bottom: 1em;&#xd;
		}&#xd;
		.sectionHeader {&#xd;
			background-color: $headerColor;&#xd;
			color: $fontOnHeaderColor;&#xd;
			display: block;&#xd;
			padding: 2px;&#xd;
			font-weight: bold;&#xd;
		}&#xd;
		table.baseline-aligned td {&#xd;
			vertical-align: baseline;&#xd;
		}&#xd;
	&lt;/style&gt;&#xd;
&#xd;
	&lt;span style=&quot;float:right&quot;&gt;Paper Form ID: $paperFormId&lt;/span&gt;&#xd;
	&lt;h2&gt;test (vtest)&lt;/h2&gt;&#xd;
&#xd;
	&lt;section headerLabel=&quot;1. Encounter Details&quot;&gt;&#xd;
		&lt;table class=&quot;baseline-aligned&quot;&gt;&#xd;
			&lt;tr&gt;&#xd;
				&lt;td&gt;Date:&lt;/td&gt;&#xd;
				&lt;td&gt;&lt;encounterDate default=&quot;today&quot;/&gt;&lt;/td&gt;&#xd;
			&lt;/tr&gt;&#xd;
			&lt;tr&gt;&#xd;
				&lt;td&gt;Location:&lt;/td&gt;&#xd;
				&lt;td&gt;&lt;encounterLocation/&gt;&lt;/td&gt;&#xd;
			&lt;/tr&gt;&#xd;
			&lt;tr&gt;&#xd;
				&lt;td&gt;Provider:&lt;/td&gt;&#xd;
				&lt;td&gt;&lt;encounterProvider/&gt;&lt;/td&gt;&#xd;
			&lt;/tr&gt;&#xd;
		&lt;/table&gt;&#xd;
	&lt;/section&gt;&#xd;
&#xd;
	&lt;section headerLabel=&quot;2. Demographic Information&quot;&gt;&#xd;
		&lt;table class=&quot;baseline-aligned&quot;&gt;&#xd;
			&lt;tr&gt;&#xd;
				&lt;td&gt;Name:&lt;/td&gt;&#xd;
				&lt;td&gt;&lt;lookup class=&quot;value&quot; expression=&quot;patient.personName&quot;/&gt;&lt;/td&gt;&#xd;
			&lt;/tr&gt;&#xd;
			&lt;tr&gt;&#xd;
				&lt;td&gt;Old Identification Number:&lt;/td&gt;&#xd;
				&lt;td&gt;&lt;lookup class=&quot;value&quot; complexExpression=&quot;#foreach( $patId in $patientIdentifiers.get(&apos;Old Identification Number&apos;) ) $patId #end &quot;/&gt;&lt;/td&gt;&#xd;
			&lt;/tr&gt;&#xd;
			&lt;tr&gt;&#xd;
				&lt;td&gt;OpenMRS Identification Number:&lt;/td&gt;&#xd;
				&lt;td&gt;&lt;lookup class=&quot;value&quot; complexExpression=&quot;#foreach( $patId in $patientIdentifiers.get(&apos;OpenMRS Identification Number&apos;) ) $patId #end &quot;/&gt;&lt;/td&gt;&#xd;
			&lt;/tr&gt;&#xd;
			&lt;tr&gt;&#xd;
				&lt;td&gt;Gender:&lt;/td&gt;&#xd;
				&lt;td&gt;&lt;lookup class=&quot;value&quot; expression=&quot;patient.gender&quot;/&gt;&lt;/td&gt;&#xd;
			&lt;/tr&gt;&#xd;
			&lt;tr&gt;&#xd;
				&lt;td&gt;Birthdate:&lt;/td&gt;&#xd;
				&lt;td&gt;&#xd;
					&lt;lookup class=&quot;value&quot; complexExpression=&quot;#if( \$patient.birthdateEstimated ) ~#end&quot;/&gt; &lt;lookup class=&quot;value&quot; expression=&quot;patient.birthdate&quot;/&gt;&#xd;
					(Age: &lt;lookup class=&quot;value&quot; expression=&quot;patient.age&quot;/&gt;)&#xd;
				&lt;/td&gt;&#xd;
			&lt;/tr&gt;&#xd;
			&lt;tr&gt;&#xd;
				&lt;td&gt;Birthplace:&lt;/td&gt;&#xd;
				&lt;td&gt;&lt;lookup class=&quot;value&quot; expression=&quot;personAttributes.get(&apos;Birthplace&apos;)&quot;/&gt;&lt;/td&gt;&#xd;
			&lt;/tr&gt;&#xd;
			&lt;tr&gt;&#xd;
				&lt;td&gt;Citizenship:&lt;/td&gt;&#xd;
				&lt;td&gt;&lt;lookup class=&quot;value&quot; expression=&quot;personAttributes.get(&apos;Citizenship&apos;)&quot;/&gt;&lt;/td&gt;&#xd;
			&lt;/tr&gt;&#xd;
			&lt;tr&gt;&#xd;
				&lt;td&gt;Civil Status:&lt;/td&gt;&#xd;
				&lt;td&gt;&lt;lookup class=&quot;value&quot; expression=&quot;personAttributes.get(&apos;Civil Status&apos;).name.name&quot;/&gt;&lt;/td&gt;&#xd;
			&lt;/tr&gt;&#xd;
			&lt;tr&gt;&#xd;
				&lt;td&gt;Health Center:&lt;/td&gt;&#xd;
				&lt;td&gt;&lt;lookup class=&quot;value&quot; expression=&quot;personAttributes.get(&apos;Health Center&apos;)&quot;/&gt;&lt;/td&gt;&#xd;
			&lt;/tr&gt;&#xd;
			&lt;tr&gt;&#xd;
				&lt;td&gt;Health District:&lt;/td&gt;&#xd;
				&lt;td&gt;&lt;lookup class=&quot;value&quot; expression=&quot;personAttributes.get(&apos;Health District&apos;)&quot;/&gt;&lt;/td&gt;&#xd;
			&lt;/tr&gt;&#xd;
			&lt;tr&gt;&#xd;
				&lt;td&gt;Mother&apos;s Name:&lt;/td&gt;&#xd;
				&lt;td&gt;&lt;lookup class=&quot;value&quot; expression=&quot;personAttributes.get(&apos;Mothers Name&apos;)&quot;/&gt;&lt;/td&gt;&#xd;
			&lt;/tr&gt;&#xd;
			&lt;tr&gt;&#xd;
				&lt;td&gt;Race:&lt;/td&gt;&#xd;
				&lt;td&gt;&lt;lookup class=&quot;value&quot; expression=&quot;personAttributes.get(&apos;Race&apos;)&quot;/&gt;&lt;/td&gt;&#xd;
			&lt;/tr&gt;&#xd;
		&lt;/table&gt;&#xd;
	&lt;/section&gt;&#xd;
&#xd;
	&lt;submit/&gt;&#xd;
&#xd;
&lt;!-- END OF FORM&#xd;
&#xd;
Simple examples to copy-and-paste. Full reference at http://wiki.openmrs.org/x/kg8z&#xd;
&#xd;
SECTION&#xd;
	&lt;section headerLabel=&quot;\#. Title&quot;&gt;&#xd;
		Content&#xd;
	&lt;/section&gt;&#xd;
&#xd;
NUMERIC OBSERVATION&#xd;
	&lt;obs conceptId=&quot;id-of-numeric-concept&quot; labelText=&quot;Label before&quot;/&gt;&#xd;
&#xd;
DATE OBSERVATION&#xd;
	&lt;obs conceptId=&quot;id-of-date-concept&quot; labelText=&quot;Label before&quot;/&gt;&#xd;
&#xd;
CODED OBSERVATION&#xd;
(as a dropdown)&#xd;
	&lt;obs conceptId=&quot;id-of-coded-concept&quot; labelText=&quot;Label before&quot;/&gt;&#xd;
(as radio buttons)&#xd;
	&lt;obs conceptId=&quot;id-of-coded-concept&quot; labelText=&quot;Label before&quot; style=&quot;radio&quot;/&gt;&#xd;
(as an autocomplete)&#xd;
	&lt;obs conceptId=&quot;id-of-coded-concept&quot; labelText=&quot;Label before&quot; style=&quot;autocomplete&quot; answerClasses=&quot;Diagnosis&quot;/&gt;&#xd;
(as a checkbox for a specific answer)&#xd;
	&lt;obs conceptId=&quot;id-of-coded-concept&quot; labelText=&quot;Label before&quot; answerConceptId=&quot;id-of-answer-concept&quot; answerLabel=&quot;label for answer&quot;/&gt;&#xd;
(as a dropdown with specific choices)&#xd;
	&lt;obs conceptId=&quot;id-of-coded-concept&quot; labelText=&quot;Label before&quot; answerConceptIds=&quot;concept-id-1,concept-id-2,concept-id-3&quot; answerLabels=&quot;Label 1,Label 2, Label 3&quot;/&gt;&#xd;
&#xd;
&#xd;
FREE TEXT OBSERVATION&#xd;
(as a normal text field)&#xd;
	&lt;obs conceptId=&quot;id-of-text-concept&quot; labelText=&quot;Label before&quot;/&gt;&#xd;
(as a textarea)&#xd;
	&lt;obs conceptId=&quot;id-of-text-concept&quot; labelText=&quot;Label before&quot; rows=&quot;4&quot; cols=&quot;80&quot;/&gt;&#xd;
--&gt;&#xd;
&lt;/htmlform&gt;</xmlData>
    <dependencies class="set" id="13"/>
  </org.openmrs.module.htmlformentry.HtmlForm>
  <org.openmrs.module.htmlformentry.HtmlForm id="14" uuid="6eaae471-5fd0-40b5-ac56-7b5f1a72e87d">
    <creator/>
    <dateCreated id="15">2016-11-13 08:14:02</dateCreated>
    <retired>false</retired>
    <id>4</id>
    <form id="16" resolves-to="org.openmrs.Form" uuid="8dc6431f-e622-422f-90e8-31fe4067ba06">
      <name>Initial visit</name>
      <creator/>
      <dateCreated id="17">2016-11-13 08:14:02</dateCreated>
      <retired>false</retired>
      <formId>4</formId>
      <version>1.0</version>
      <published>false</published>
      <formFields id="18"/>
    </form>
    <xmlData>&lt;htmlform&gt;
	&lt;!-- Autogenerated example form  (template from 01-Nov-2010 --&gt;
	&lt;macros&gt;
		paperFormId = (Fill this in)
		headerColor =#009d8e
		fontOnHeaderColor = white
	&lt;/macros&gt;

	&lt;style&gt;
		.section {
			border: 1px solid $headerColor;
			padding: 2px;
			text-align: left;
			margin-bottom: 1em;
		}
		.sectionHeader {
			background-color: $headerColor;
			color: $fontOnHeaderColor;
			display: block;
			padding: 2px;
			font-weight: bold;
		}
		table.baseline-aligned td {
			vertical-align: baseline;
		}
	&lt;/style&gt;

	&lt;span style=&quot;float:right&quot;&gt;Paper Form ID: $paperFormId&lt;/span&gt;
	&lt;h2&gt;Initial visit (v1.0)&lt;/h2&gt;

	&lt;section headerLabel=&quot;1. Encounter Details&quot;&gt;
		&lt;table class=&quot;baseline-aligned&quot;&gt;
			&lt;tr&gt;
				&lt;td&gt;Date:&lt;/td&gt;
				&lt;td&gt;&lt;encounterDate default=&quot;today&quot;/&gt;&lt;/td&gt;
			&lt;/tr&gt;
			&lt;tr&gt;
				&lt;td&gt;Location:&lt;/td&gt;
				&lt;td&gt;&lt;encounterLocation/&gt;&lt;/td&gt;
			&lt;/tr&gt;
			&lt;tr&gt;
				&lt;td&gt;Provider:&lt;/td&gt;
				&lt;td&gt;&lt;encounterProvider/&gt;&lt;/td&gt;
			&lt;/tr&gt;
		&lt;/table&gt;
	&lt;/section&gt;

	&lt;section headerLabel=&quot;2. Demographic Information&quot;&gt;
		&lt;table class=&quot;baseline-aligned&quot;&gt;
			&lt;tr&gt;
				&lt;td&gt;Name:&lt;/td&gt;
				&lt;td&gt;&lt;lookup class=&quot;value&quot; expression=&quot;patient.personName&quot;/&gt;&lt;/td&gt;
			&lt;/tr&gt;
			&lt;tr&gt;
				&lt;td&gt;Old Identification Number:&lt;/td&gt;
				&lt;td&gt;&lt;lookup class=&quot;value&quot; complexExpression=&quot;#foreach( $patId in $patientIdentifiers.get(&apos;Old Identification Number&apos;) ) $patId #end &quot;/&gt;&lt;/td&gt;
			&lt;/tr&gt;
			&lt;tr&gt;
				&lt;td&gt;OpenMRS Identification Number:&lt;/td&gt;
				&lt;td&gt;&lt;lookup class=&quot;value&quot; complexExpression=&quot;#foreach( $patId in $patientIdentifiers.get(&apos;OpenMRS Identification Number&apos;) ) $patId #end &quot;/&gt;&lt;/td&gt;
			&lt;/tr&gt;
			&lt;tr&gt;
				&lt;td&gt;Gender:&lt;/td&gt;
				&lt;td&gt;&lt;lookup class=&quot;value&quot; expression=&quot;patient.gender&quot;/&gt;&lt;/td&gt;
			&lt;/tr&gt;
			&lt;tr&gt;
				&lt;td&gt;Birthdate:&lt;/td&gt;
				&lt;td&gt;
					&lt;lookup class=&quot;value&quot; complexExpression=&quot;#if( \$patient.birthdateEstimated ) ~#end&quot;/&gt; &lt;lookup class=&quot;value&quot; expression=&quot;patient.birthdate&quot;/&gt;
					(Age: &lt;lookup class=&quot;value&quot; expression=&quot;patient.age&quot;/&gt;)
				&lt;/td&gt;
			&lt;/tr&gt;
			&lt;tr&gt;
				&lt;td&gt;Birthplace:&lt;/td&gt;
				&lt;td&gt;&lt;lookup class=&quot;value&quot; expression=&quot;personAttributes.get(&apos;Birthplace&apos;)&quot;/&gt;&lt;/td&gt;
			&lt;/tr&gt;
			&lt;tr&gt;
				&lt;td&gt;Citizenship:&lt;/td&gt;
				&lt;td&gt;&lt;lookup class=&quot;value&quot; expression=&quot;personAttributes.get(&apos;Citizenship&apos;)&quot;/&gt;&lt;/td&gt;
			&lt;/tr&gt;
			&lt;tr&gt;
				&lt;td&gt;Civil Status:&lt;/td&gt;
				&lt;td&gt;&lt;lookup class=&quot;value&quot; expression=&quot;personAttributes.get(&apos;Civil Status&apos;).name.name&quot;/&gt;&lt;/td&gt;
			&lt;/tr&gt;
			&lt;tr&gt;
				&lt;td&gt;Health Center:&lt;/td&gt;
				&lt;td&gt;&lt;lookup class=&quot;value&quot; expression=&quot;personAttributes.get(&apos;Health Center&apos;)&quot;/&gt;&lt;/td&gt;
			&lt;/tr&gt;
			&lt;tr&gt;
				&lt;td&gt;Health District:&lt;/td&gt;
				&lt;td&gt;&lt;lookup class=&quot;value&quot; expression=&quot;personAttributes.get(&apos;Health District&apos;)&quot;/&gt;&lt;/td&gt;
			&lt;/tr&gt;
			&lt;tr&gt;
				&lt;td&gt;Mother&apos;s Name:&lt;/td&gt;
				&lt;td&gt;&lt;lookup class=&quot;value&quot; expression=&quot;personAttributes.get(&apos;Mothers Name&apos;)&quot;/&gt;&lt;/td&gt;
			&lt;/tr&gt;
			&lt;tr&gt;
				&lt;td&gt;Race:&lt;/td&gt;
				&lt;td&gt;&lt;lookup class=&quot;value&quot; expression=&quot;personAttributes.get(&apos;Race&apos;)&quot;/&gt;&lt;/td&gt;
			&lt;/tr&gt;
		&lt;/table&gt;
	&lt;/section&gt;

	&lt;submit/&gt;

&lt;!-- END OF FORM

Simple examples to copy-and-paste. Full reference at http://wiki.openmrs.org/x/kg8z

SECTION
	&lt;section headerLabel=&quot;\#. Title&quot;&gt;
		Content
	&lt;/section&gt;

NUMERIC OBSERVATION
	&lt;obs conceptId=&quot;id-of-numeric-concept&quot; labelText=&quot;Label before&quot;/&gt;

DATE OBSERVATION
	&lt;obs conceptId=&quot;id-of-date-concept&quot; labelText=&quot;Label before&quot;/&gt;

CODED OBSERVATION
(as a dropdown)
	&lt;obs conceptId=&quot;id-of-coded-concept&quot; labelText=&quot;Label before&quot;/&gt;
(as radio buttons)
	&lt;obs conceptId=&quot;id-of-coded-concept&quot; labelText=&quot;Label before&quot; style=&quot;radio&quot;/&gt;
(as an autocomplete)
	&lt;obs conceptId=&quot;id-of-coded-concept&quot; labelText=&quot;Label before&quot; style=&quot;autocomplete&quot; answerClasses=&quot;Diagnosis&quot;/&gt;
(as a checkbox for a specific answer)
	&lt;obs conceptId=&quot;id-of-coded-concept&quot; labelText=&quot;Label before&quot; answerConceptId=&quot;id-of-answer-concept&quot; answerLabel=&quot;label for answer&quot;/&gt;
(as a dropdown with specific choices)
	&lt;obs conceptId=&quot;id-of-coded-concept&quot; labelText=&quot;Label before&quot; answerConceptIds=&quot;concept-id-1,concept-id-2,concept-id-3&quot; answerLabels=&quot;Label 1,Label 2, Label 3&quot;/&gt;


FREE TEXT OBSERVATION
(as a normal text field)
	&lt;obs conceptId=&quot;id-of-text-concept&quot; labelText=&quot;Label before&quot;/&gt;
(as a textarea)
	&lt;obs conceptId=&quot;id-of-text-concept&quot; labelText=&quot;Label before&quot; rows=&quot;4&quot; cols=&quot;80&quot;/&gt;
--&gt;
&lt;/htmlform&gt;</xmlData>
    <dependencies class="set" id="19"/>
  </org.openmrs.module.htmlformentry.HtmlForm>
  <org.openmrs.module.htmlformentry.HtmlForm id="20" uuid="b90334df-6cbf-430a-a527-fb9830d75eb6">
    <creator/>
    <dateCreated id="21">2016-11-13 08:14:01</dateCreated>
    <retired>false</retired>
    <id>3</id>
    <form id="22" resolves-to="org.openmrs.Form" uuid="2eb788b9-e1c0-4b10-930d-b6675ffac74b">
      <name>Initial visit</name>
      <creator/>
      <dateCreated id="23">2016-11-13 08:14:01</dateCreated>
      <retired>false</retired>
      <formId>3</formId>
      <version>1.0</version>
      <published>false</published>
      <formFields id="24"/>
    </form>
    <xmlData>&lt;htmlform&gt;
	&lt;!-- Autogenerated example form  (template from 01-Nov-2010 --&gt;
	&lt;macros&gt;
		paperFormId = (Fill this in)
		headerColor =#009d8e
		fontOnHeaderColor = white
	&lt;/macros&gt;

	&lt;style&gt;
		.section {
			border: 1px solid $headerColor;
			padding: 2px;
			text-align: left;
			margin-bottom: 1em;
		}
		.sectionHeader {
			background-color: $headerColor;
			color: $fontOnHeaderColor;
			display: block;
			padding: 2px;
			font-weight: bold;
		}
		table.baseline-aligned td {
			vertical-align: baseline;
		}
	&lt;/style&gt;

	&lt;span style=&quot;float:right&quot;&gt;Paper Form ID: $paperFormId&lt;/span&gt;
	&lt;h2&gt;Initial visit (v1.0)&lt;/h2&gt;

	&lt;section headerLabel=&quot;1. Encounter Details&quot;&gt;
		&lt;table class=&quot;baseline-aligned&quot;&gt;
			&lt;tr&gt;
				&lt;td&gt;Date:&lt;/td&gt;
				&lt;td&gt;&lt;encounterDate default=&quot;today&quot;/&gt;&lt;/td&gt;
			&lt;/tr&gt;
			&lt;tr&gt;
				&lt;td&gt;Location:&lt;/td&gt;
				&lt;td&gt;&lt;encounterLocation/&gt;&lt;/td&gt;
			&lt;/tr&gt;
			&lt;tr&gt;
				&lt;td&gt;Provider:&lt;/td&gt;
				&lt;td&gt;&lt;encounterProvider/&gt;&lt;/td&gt;
			&lt;/tr&gt;
		&lt;/table&gt;
	&lt;/section&gt;

	&lt;section headerLabel=&quot;2. Demographic Information&quot;&gt;
		&lt;table class=&quot;baseline-aligned&quot;&gt;
			&lt;tr&gt;
				&lt;td&gt;Name:&lt;/td&gt;
				&lt;td&gt;&lt;lookup class=&quot;value&quot; expression=&quot;patient.personName&quot;/&gt;&lt;/td&gt;
			&lt;/tr&gt;
			&lt;tr&gt;
				&lt;td&gt;Old Identification Number:&lt;/td&gt;
				&lt;td&gt;&lt;lookup class=&quot;value&quot; complexExpression=&quot;#foreach( $patId in $patientIdentifiers.get(&apos;Old Identification Number&apos;) ) $patId #end &quot;/&gt;&lt;/td&gt;
			&lt;/tr&gt;
			&lt;tr&gt;
				&lt;td&gt;OpenMRS Identification Number:&lt;/td&gt;
				&lt;td&gt;&lt;lookup class=&quot;value&quot; complexExpression=&quot;#foreach( $patId in $patientIdentifiers.get(&apos;OpenMRS Identification Number&apos;) ) $patId #end &quot;/&gt;&lt;/td&gt;
			&lt;/tr&gt;
			&lt;tr&gt;
				&lt;td&gt;Gender:&lt;/td&gt;
				&lt;td&gt;&lt;lookup class=&quot;value&quot; expression=&quot;patient.gender&quot;/&gt;&lt;/td&gt;
			&lt;/tr&gt;
			&lt;tr&gt;
				&lt;td&gt;Birthdate:&lt;/td&gt;
				&lt;td&gt;
					&lt;lookup class=&quot;value&quot; complexExpression=&quot;#if( \$patient.birthdateEstimated ) ~#end&quot;/&gt; &lt;lookup class=&quot;value&quot; expression=&quot;patient.birthdate&quot;/&gt;
					(Age: &lt;lookup class=&quot;value&quot; expression=&quot;patient.age&quot;/&gt;)
				&lt;/td&gt;
			&lt;/tr&gt;
			&lt;tr&gt;
				&lt;td&gt;Birthplace:&lt;/td&gt;
				&lt;td&gt;&lt;lookup class=&quot;value&quot; expression=&quot;personAttributes.get(&apos;Birthplace&apos;)&quot;/&gt;&lt;/td&gt;
			&lt;/tr&gt;
			&lt;tr&gt;
				&lt;td&gt;Citizenship:&lt;/td&gt;
				&lt;td&gt;&lt;lookup class=&quot;value&quot; expression=&quot;personAttributes.get(&apos;Citizenship&apos;)&quot;/&gt;&lt;/td&gt;
			&lt;/tr&gt;
			&lt;tr&gt;
				&lt;td&gt;Civil Status:&lt;/td&gt;
				&lt;td&gt;&lt;lookup class=&quot;value&quot; expression=&quot;personAttributes.get(&apos;Civil Status&apos;).name.name&quot;/&gt;&lt;/td&gt;
			&lt;/tr&gt;
			&lt;tr&gt;
				&lt;td&gt;Health Center:&lt;/td&gt;
				&lt;td&gt;&lt;lookup class=&quot;value&quot; expression=&quot;personAttributes.get(&apos;Health Center&apos;)&quot;/&gt;&lt;/td&gt;
			&lt;/tr&gt;
			&lt;tr&gt;
				&lt;td&gt;Health District:&lt;/td&gt;
				&lt;td&gt;&lt;lookup class=&quot;value&quot; expression=&quot;personAttributes.get(&apos;Health District&apos;)&quot;/&gt;&lt;/td&gt;
			&lt;/tr&gt;
			&lt;tr&gt;
				&lt;td&gt;Mother&apos;s Name:&lt;/td&gt;
				&lt;td&gt;&lt;lookup class=&quot;value&quot; expression=&quot;personAttributes.get(&apos;Mothers Name&apos;)&quot;/&gt;&lt;/td&gt;
			&lt;/tr&gt;
			&lt;tr&gt;
				&lt;td&gt;Race:&lt;/td&gt;
				&lt;td&gt;&lt;lookup class=&quot;value&quot; expression=&quot;personAttributes.get(&apos;Race&apos;)&quot;/&gt;&lt;/td&gt;
			&lt;/tr&gt;
		&lt;/table&gt;
	&lt;/section&gt;

	&lt;submit/&gt;

&lt;!-- END OF FORM

Simple examples to copy-and-paste. Full reference at http://wiki.openmrs.org/x/kg8z

SECTION
	&lt;section headerLabel=&quot;\#. Title&quot;&gt;
		Content
	&lt;/section&gt;

NUMERIC OBSERVATION
	&lt;obs conceptId=&quot;id-of-numeric-concept&quot; labelText=&quot;Label before&quot;/&gt;

DATE OBSERVATION
	&lt;obs conceptId=&quot;id-of-date-concept&quot; labelText=&quot;Label before&quot;/&gt;

CODED OBSERVATION
(as a dropdown)
	&lt;obs conceptId=&quot;id-of-coded-concept&quot; labelText=&quot;Label before&quot;/&gt;
(as radio buttons)
	&lt;obs conceptId=&quot;id-of-coded-concept&quot; labelText=&quot;Label before&quot; style=&quot;radio&quot;/&gt;
(as an autocomplete)
	&lt;obs conceptId=&quot;id-of-coded-concept&quot; labelText=&quot;Label before&quot; style=&quot;autocomplete&quot; answerClasses=&quot;Diagnosis&quot;/&gt;
(as a checkbox for a specific answer)
	&lt;obs conceptId=&quot;id-of-coded-concept&quot; labelText=&quot;Label before&quot; answerConceptId=&quot;id-of-answer-concept&quot; answerLabel=&quot;label for answer&quot;/&gt;
(as a dropdown with specific choices)
	&lt;obs conceptId=&quot;id-of-coded-concept&quot; labelText=&quot;Label before&quot; answerConceptIds=&quot;concept-id-1,concept-id-2,concept-id-3&quot; answerLabels=&quot;Label 1,Label 2, Label 3&quot;/&gt;


FREE TEXT OBSERVATION
(as a normal text field)
	&lt;obs conceptId=&quot;id-of-text-concept&quot; labelText=&quot;Label before&quot;/&gt;
(as a textarea)
	&lt;obs conceptId=&quot;id-of-text-concept&quot; labelText=&quot;Label before&quot; rows=&quot;4&quot; cols=&quot;80&quot;/&gt;
--&gt;
&lt;/htmlform&gt;</xmlData>
    <dependencies class="set" id="25"/>
  </org.openmrs.module.htmlformentry.HtmlForm>
</list>
