<?xml version="1.0" encoding="UTF-8"?>
<list id="1">
  <org.openmrs.module.patientflags.Tag id="2" uuid="6fec21f2-f7d3-410f-b2b9-5e40bc60f6ee">
    <creator/>
    <dateCreated id="3">2017-03-12 04:51:06</dateCreated>
    <changedBy/>
    <dateChanged id="4">2017-03-12 06:02:03</dateChanged>
    <retired>false</retired>
    <tagId>2</tagId>
    <name>Clinical</name>
    <roles id="5">
      <org.openmrs.Role id="6" uuid="a3df3ba6-88a9-44d0-b5a9-a70f3170e2e1">
        <description>Clinician can view reminders</description>
        <retired>false</retired>
        <role>Clinician - EMR</role>
        <privileges id="7">
          <org.openmrs.Privilege id="8" uuid="c806dad4-92f3-11e6-9116-080027178840">
            <description>Able to view the &apos;Encounters&apos; tab on the patient dashboard</description>
            <retired>false</retired>
            <privilege>Patient Dashboard - View Encounters Section</privilege>
          </org.openmrs.Privilege>
          <org.openmrs.Privilege id="9" uuid="c806e06e-92f3-11e6-9116-080027178840">
            <description>Able to view patient identifiers</description>
            <retired>false</retired>
            <privilege>View Patient Identifiers</privilege>
          </org.openmrs.Privilege>
          <org.openmrs.Privilege id="10" uuid="c806daa6-92f3-11e6-9116-080027178840">
            <description>Able to view the &apos;Demographics&apos; tab on the patient dashboard</description>
            <retired>false</retired>
            <privilege>Patient Dashboard - View Demographics Section</privilege>
          </org.openmrs.Privilege>
          <org.openmrs.Privilege id="11" uuid="c806df9f-92f3-11e6-9116-080027178840">
            <description>Ability to see the navigation menu</description>
            <retired>false</retired>
            <privilege>View Navigation Menu</privilege>
          </org.openmrs.Privilege>
          <org.openmrs.Privilege id="12" uuid="aa71b6d6-f77f-423d-b9fe-71210dd7a7aa">
            <description>Able to add/edit/retire encounter roles</description>
            <retired>false</retired>
            <privilege>Manage Encounter Roles</privilege>
          </org.openmrs.Privilege>
          <org.openmrs.Privilege id="13" uuid="ece1ed85-ca2f-4915-a091-a01261b9ef01">
            <description>Able to view the &apos;Visits&apos; tab on the patient dashboard</description>
            <retired>false</retired>
            <privilege>Patient Dashboard - View Visits Section</privilege>
          </org.openmrs.Privilege>
          <org.openmrs.Privilege id="14" uuid="fec43027-860d-4f56-8606-8d411bc7b3e0">
            <description>Add allergies</description>
            <retired>false</retired>
            <privilege>Add Allergies</privilege>
          </org.openmrs.Privilege>
          <org.openmrs.Privilege id="15" uuid="a1ea9da3-47c6-4930-872a-cc8ccde9e8ed">
            <description>Able to view visits</description>
            <retired>false</retired>
            <privilege>View Visits</privilege>
          </org.openmrs.Privilege>
          <org.openmrs.Privilege id="16" uuid="c806dc75-92f3-11e6-9116-080027178840">
            <description>Able to view allergies in OpenMRS</description>
            <retired>false</retired>
            <privilege>View Allergies</privilege>
          </org.openmrs.Privilege>
          <org.openmrs.Privilege id="17" uuid="c806defb-92f3-11e6-9116-080027178840">
            <description>Able to view forms</description>
            <retired>false</retired>
            <privilege>View Forms</privilege>
          </org.openmrs.Privilege>
          <org.openmrs.Privilege id="18" uuid="c806de80-92f3-11e6-9116-080027178840">
            <description>Able to view encounter types</description>
            <retired>false</retired>
            <privilege>View Encounter Types</privilege>
          </org.openmrs.Privilege>
          <org.openmrs.Privilege id="19" uuid="c806db63-92f3-11e6-9116-080027178840">
            <description>Able to view the &apos;Overview&apos; tab on the patient dashboard</description>
            <retired>false</retired>
            <privilege>Patient Dashboard - View Overview Section</privilege>
          </org.openmrs.Privilege>
          <org.openmrs.Privilege id="20" uuid="c806caf7-92f3-11e6-9116-080027178840">
            <description>Able to add patient observations</description>
            <retired>false</retired>
            <privilege>Add Observations</privilege>
          </org.openmrs.Privilege>
          <org.openmrs.Privilege id="21" uuid="c806e01a-92f3-11e6-9116-080027178840">
            <description>Able to view orders</description>
            <retired>false</retired>
            <privilege>View Orders</privilege>
          </org.openmrs.Privilege>
          <org.openmrs.Privilege id="22" uuid="c806dea9-92f3-11e6-9116-080027178840">
            <description>Able to view patient encounters</description>
            <retired>false</retired>
            <privilege>View Encounters</privilege>
          </org.openmrs.Privilege>
          <org.openmrs.Privilege id="23" uuid="c806dfc7-92f3-11e6-9116-080027178840">
            <description>Able to view patient observations</description>
            <retired>false</retired>
            <privilege>View Observations</privilege>
          </org.openmrs.Privilege>
          <org.openmrs.Privilege id="24" uuid="c806db05-92f3-11e6-9116-080027178840">
            <description>Allows user to view the Forms tab on the patient dashboard</description>
            <retired>false</retired>
            <privilege>Patient Dashboard - View Forms Section</privilege>
          </org.openmrs.Privilege>
          <org.openmrs.Privilege id="25" uuid="c806cb37-92f3-11e6-9116-080027178840">
            <description>Able to add orders</description>
            <retired>false</retired>
            <privilege>Add Orders</privilege>
          </org.openmrs.Privilege>
          <org.openmrs.Privilege id="26" uuid="cc21db34-6d07-490e-afad-8725b7cf9475">
            <description>Able to edit visits</description>
            <retired>false</retired>
            <privilege>Edit Visits</privilege>
          </org.openmrs.Privilege>
          <org.openmrs.Privilege id="27" uuid="c806e265-92f3-11e6-9116-080027178840">
            <description>Able to view user roles</description>
            <retired>false</retired>
            <privilege>View Roles</privilege>
          </org.openmrs.Privilege>
          <org.openmrs.Privilege id="28" uuid="c806e0eb-92f3-11e6-9116-080027178840">
            <description>Able to view person objects</description>
            <retired>false</retired>
            <privilege>View People</privilege>
          </org.openmrs.Privilege>
          <org.openmrs.Privilege id="29" uuid="c806e0c3-92f3-11e6-9116-080027178840">
            <description>Able to view patients</description>
            <retired>false</retired>
            <privilege>View Patients</privilege>
          </org.openmrs.Privilege>
          <org.openmrs.Privilege id="30" uuid="c806e16a-92f3-11e6-9116-080027178840">
            <description>Able to view problems in OpenMRS</description>
            <retired>false</retired>
            <privilege>View Problems</privilege>
          </org.openmrs.Privilege>
          <org.openmrs.Privilege id="31" uuid="c1d7e466-f9dd-4360-87f2-c4b896a83fcd">
            <description>Allows the user to test a flag, or set of flags, against a Patient set</description>
            <retired>false</retired>
            <privilege>Test Flags</privilege>
          </org.openmrs.Privilege>
          <org.openmrs.Privilege id="32" uuid="c806cc38-92f3-11e6-9116-080027178840">
            <description>Able to add person objects</description>
            <retired>false</retired>
            <privilege>Add People</privilege>
          </org.openmrs.Privilege>
          <org.openmrs.Privilege id="33" uuid="c806de2c-92f3-11e6-9116-080027178840">
            <description>Able to view concept entries</description>
            <retired>false</retired>
            <privilege>View Concepts</privilege>
          </org.openmrs.Privilege>
          <org.openmrs.Privilege id="34" uuid="14f307aa-8e91-4aeb-bb77-c8ae87b4ec53">
            <description>Add problems</description>
            <retired>false</retired>
            <privilege>Add Problems</privilege>
          </org.openmrs.Privilege>
          <org.openmrs.Privilege id="35" uuid="c806db34-92f3-11e6-9116-080027178840">
            <description>Able to view the &apos;Graphs&apos; tab on the patient dashboard</description>
            <retired>false</retired>
            <privilege>Patient Dashboard - View Graphs Section</privilege>
          </org.openmrs.Privilege>
          <org.openmrs.Privilege id="36" uuid="c806dbc1-92f3-11e6-9116-080027178840">
            <description>Able to view the &apos;Regimen&apos; tab on the patient dashboard</description>
            <retired>false</retired>
            <privilege>Patient Dashboard - View Regimen Section</privilege>
          </org.openmrs.Privilege>
          <org.openmrs.Privilege id="37" uuid="c806d715-92f3-11e6-9116-080027178840">
            <description>Allows user to access Form Entry pages/functions</description>
            <retired>false</retired>
            <privilege>Form Entry</privilege>
          </org.openmrs.Privilege>
          <org.openmrs.Privilege id="38" uuid="c806cab2-92f3-11e6-9116-080027178840">
            <description>Able to add patient encounters</description>
            <retired>false</retired>
            <privilege>Add Encounters</privilege>
          </org.openmrs.Privilege>
          <org.openmrs.Privilege id="39" uuid="c806cc67-92f3-11e6-9116-080027178840">
            <description>Able to add relationships</description>
            <retired>false</retired>
            <privilege>Add Relationships</privilege>
          </org.openmrs.Privilege>
          <org.openmrs.Privilege id="40" uuid="c806cbbc-92f3-11e6-9116-080027178840">
            <description>Able to add patients to programs</description>
            <retired>false</retired>
            <privilege>Add Patient Programs</privilege>
          </org.openmrs.Privilege>
          <org.openmrs.Privilege id="41" uuid="c806db94-92f3-11e6-9116-080027178840">
            <description>Able to view the &apos;Summary&apos; tab on the patient dashboard</description>
            <retired>false</retired>
            <privilege>Patient Dashboard - View Patient Summary</privilege>
          </org.openmrs.Privilege>
          <org.openmrs.Privilege id="42" uuid="3da20859-2804-44dd-98b2-78e19980fd14">
            <description>Able to edit allergies</description>
            <retired>false</retired>
            <privilege>Edit Allergies</privilege>
          </org.openmrs.Privilege>
          <org.openmrs.Privilege id="43" uuid="c806dff2-92f3-11e6-9116-080027178840">
            <description>Able to view order types</description>
            <retired>false</retired>
            <privilege>View Order Types</privilege>
          </org.openmrs.Privilege>
          <org.openmrs.Privilege id="44" uuid="98da045a-1f3a-4bbe-aa0e-568decbfff68">
            <description>Able to view Provider</description>
            <retired>false</retired>
            <privilege>View Providers</privilege>
          </org.openmrs.Privilege>
          <org.openmrs.Privilege id="45" uuid="c806e193-92f3-11e6-9116-080027178840">
            <description>Able to view patient programs</description>
            <retired>false</retired>
            <privilege>View Programs</privilege>
          </org.openmrs.Privilege>
        </privileges>
        <inheritedRoles id="46"/>
        <childRoles id="47"/>
      </org.openmrs.Role>
    </roles>
    <displayPoints id="48">
      <org.openmrs.module.patientflags.DisplayPoint id="49" uuid="c2dd3d18-e0b4-11e6-98e6-080027178840">
        <name>Patient Dashboard Overview</name>
        <creator/>
        <dateCreated id="50">2017-01-22 15:09:24</dateCreated>
        <retired>false</retired>
        <displayPointId>2</displayPointId>
      </org.openmrs.module.patientflags.DisplayPoint>
    </displayPoints>
  </org.openmrs.module.patientflags.Tag>
  <org.openmrs.module.patientflags.Tag id="51" uuid="d4acebb4-03fd-42c4-8fc4-2c9298b415fc">
    <creator/>
    <dateCreated id="52">2017-03-12 04:49:31</dateCreated>
    <changedBy/>
    <dateChanged id="53">2017-03-12 06:01:32</dateChanged>
    <retired>false</retired>
    <tagId>1</tagId>
    <name>Admin</name>
    <roles id="54">
      <org.openmrs.Role id="55" uuid="8d94f852-c2cc-11de-8d13-0010c6dffd0f">
        <description>Developers of the OpenMRS .. have additional access to change fundamental structure of the database model.</description>
        <retired>false</retired>
        <role>System Developer</role>
        <privileges id="56"/>
        <inheritedRoles id="57"/>
        <childRoles id="58"/>
      </org.openmrs.Role>
      <org.openmrs.Role id="59" uuid="fc26cb08-52b9-4ff1-925d-1c12a58d2f92">
        <description>MoH local CCC administrator</description>
        <retired>false</retired>
        <role>Medical Records Clerk</role>
        <privileges id="60">
          <org.openmrs.Privilege id="61" uuid="c806d59f-92f3-11e6-9116-080027178840">
            <description>Able to edit patient identifiers</description>
            <retired>false</retired>
            <privilege>Edit Patient Identifiers</privilege>
          </org.openmrs.Privilege>
          <org.openmrs.Privilege reference="8"/>
          <org.openmrs.Privilege reference="9"/>
          <org.openmrs.Privilege reference="10"/>
          <org.openmrs.Privilege reference="17"/>
          <org.openmrs.Privilege reference="19"/>
          <org.openmrs.Privilege reference="20"/>
          <org.openmrs.Privilege id="62" uuid="6f85dcaa-2f3b-4977-b4b3-b170a91243bf">
            <description>Able to edit problems</description>
            <retired>false</retired>
            <privilege>Edit Problems</privilege>
          </org.openmrs.Privilege>
          <org.openmrs.Privilege reference="25"/>
          <org.openmrs.Privilege reference="27"/>
          <org.openmrs.Privilege reference="28"/>
          <org.openmrs.Privilege reference="32"/>
          <org.openmrs.Privilege reference="33"/>
          <org.openmrs.Privilege reference="34"/>
          <org.openmrs.Privilege id="63" uuid="c806df75-92f3-11e6-9116-080027178840">
            <description>Able to view locations</description>
            <retired>false</retired>
            <privilege>View Locations</privilege>
          </org.openmrs.Privilege>
          <org.openmrs.Privilege id="64" uuid="c1d74f5b-cc32-45c2-86d0-0646562cfeb4">
            <description>Able to add visits</description>
            <retired>false</retired>
            <privilege>Add Visits</privilege>
          </org.openmrs.Privilege>
          <org.openmrs.Privilege reference="38"/>
          <org.openmrs.Privilege reference="40"/>
          <org.openmrs.Privilege reference="41"/>
          <org.openmrs.Privilege reference="43"/>
          <org.openmrs.Privilege reference="45"/>
          <org.openmrs.Privilege reference="44"/>
          <org.openmrs.Privilege id="65" uuid="c806d54a-92f3-11e6-9116-080027178840">
            <description>Able to edit patient observations</description>
            <retired>false</retired>
            <privilege>Edit Observations</privilege>
          </org.openmrs.Privilege>
          <org.openmrs.Privilege id="66" uuid="c806d5c9-92f3-11e6-9116-080027178840">
            <description>Able to edit patients in programs</description>
            <retired>false</retired>
            <privilege>Edit Patient Programs</privilege>
          </org.openmrs.Privilege>
          <org.openmrs.Privilege reference="11"/>
          <org.openmrs.Privilege reference="12"/>
          <org.openmrs.Privilege id="67" uuid="c806d521-92f3-11e6-9116-080027178840">
            <description>Able to edit patient encounters</description>
            <retired>false</retired>
            <privilege>Edit Encounters</privilege>
          </org.openmrs.Privilege>
          <org.openmrs.Privilege reference="13"/>
          <org.openmrs.Privilege reference="14"/>
          <org.openmrs.Privilege id="68" uuid="c806cbfd-92f3-11e6-9116-080027178840">
            <description>Able to add patients</description>
            <retired>false</retired>
            <privilege>Add Patients</privilege>
          </org.openmrs.Privilege>
          <org.openmrs.Privilege reference="15"/>
          <org.openmrs.Privilege reference="16"/>
          <org.openmrs.Privilege reference="18"/>
          <org.openmrs.Privilege id="69" uuid="c806e099-92f3-11e6-9116-080027178840">
            <description>Able to see which programs that patients are in</description>
            <retired>false</retired>
            <privilege>View Patient Programs</privilege>
          </org.openmrs.Privilege>
          <org.openmrs.Privilege reference="22"/>
          <org.openmrs.Privilege reference="21"/>
          <org.openmrs.Privilege id="70" uuid="c806e1e6-92f3-11e6-9116-080027178840">
            <description>Able to view relationships</description>
            <retired>false</retired>
            <privilege>View Relationships</privilege>
          </org.openmrs.Privilege>
          <org.openmrs.Privilege reference="24"/>
          <org.openmrs.Privilege reference="23"/>
          <org.openmrs.Privilege reference="26"/>
          <org.openmrs.Privilege reference="29"/>
          <org.openmrs.Privilege id="71" uuid="c806cb77-92f3-11e6-9116-080027178840">
            <description>Able to add patient identifiers</description>
            <retired>false</retired>
            <privilege>Add Patient Identifiers</privilege>
          </org.openmrs.Privilege>
          <org.openmrs.Privilege reference="30"/>
          <org.openmrs.Privilege id="72" uuid="c806d576-92f3-11e6-9116-080027178840">
            <description>Able to edit orders</description>
            <retired>false</retired>
            <privilege>Edit Orders</privilege>
          </org.openmrs.Privilege>
          <org.openmrs.Privilege id="73" uuid="c806d5f3-92f3-11e6-9116-080027178840">
            <description>Able to edit patients</description>
            <retired>false</retired>
            <privilege>Edit Patients</privilege>
          </org.openmrs.Privilege>
          <org.openmrs.Privilege reference="35"/>
          <org.openmrs.Privilege reference="36"/>
          <org.openmrs.Privilege reference="37"/>
          <org.openmrs.Privilege reference="39"/>
          <org.openmrs.Privilege reference="42"/>
          <org.openmrs.Privilege id="74" uuid="c806d61d-92f3-11e6-9116-080027178840">
            <description>Able to edit person objects</description>
            <retired>false</retired>
            <privilege>Edit People</privilege>
          </org.openmrs.Privilege>
        </privileges>
        <inheritedRoles id="75"/>
        <childRoles id="76"/>
      </org.openmrs.Role>
      <org.openmrs.Role id="77" uuid="b9d0fae7-a0ef-49aa-81e1-597151bbaca9">
        <description>MoH local CCC administrator</description>
        <retired>false</retired>
        <role>Local Administrator</role>
        <privileges id="78">
          <org.openmrs.Privilege reference="61"/>
          <org.openmrs.Privilege reference="8"/>
          <org.openmrs.Privilege reference="9"/>
          <org.openmrs.Privilege reference="10"/>
          <org.openmrs.Privilege id="79" uuid="c806cd93-92f3-11e6-9116-080027178840">
            <description>Able to delete patient observations</description>
            <retired>false</retired>
            <privilege>Delete Observations</privilege>
          </org.openmrs.Privilege>
          <org.openmrs.Privilege id="80" uuid="c806e23a-92f3-11e6-9116-080027178840">
            <description>Able to view reports</description>
            <retired>false</retired>
            <privilege>View Reports</privilege>
          </org.openmrs.Privilege>
          <org.openmrs.Privilege id="81" uuid="c806d647-92f3-11e6-9116-080027178840">
            <description>Able to edit relationships</description>
            <retired>false</retired>
            <privilege>Edit Relationships</privilege>
          </org.openmrs.Privilege>
          <org.openmrs.Privilege reference="17"/>
          <org.openmrs.Privilege reference="19"/>
          <org.openmrs.Privilege id="82" uuid="c806df4d-92f3-11e6-9116-080027178840">
            <description>Able to view patient identifier types</description>
            <retired>false</retired>
            <privilege>View Identifier Types</privilege>
          </org.openmrs.Privilege>
          <org.openmrs.Privilege id="83" uuid="c806e210-92f3-11e6-9116-080027178840">
            <description>Able to view report objects</description>
            <retired>false</retired>
            <privilege>View Report Objects</privilege>
          </org.openmrs.Privilege>
          <org.openmrs.Privilege reference="20"/>
          <org.openmrs.Privilege id="84" uuid="c806dc4a-92f3-11e6-9116-080027178840">
            <description>Able to view the &apos;Administration&apos; link in the navigation bar</description>
            <retired>false</retired>
            <privilege>View Administration Functions</privilege>
          </org.openmrs.Privilege>
          <org.openmrs.Privilege reference="62"/>
          <org.openmrs.Privilege reference="25"/>
          <org.openmrs.Privilege reference="27"/>
          <org.openmrs.Privilege reference="32"/>
          <org.openmrs.Privilege reference="33"/>
          <org.openmrs.Privilege reference="34"/>
          <org.openmrs.Privilege id="85" uuid="c806e2b9-92f3-11e6-9116-080027178840">
            <description>Able to view users in OpenMRS</description>
            <retired>false</retired>
            <privilege>View Users</privilege>
          </org.openmrs.Privilege>
          <org.openmrs.Privilege reference="64"/>
          <org.openmrs.Privilege reference="38"/>
          <org.openmrs.Privilege reference="40"/>
          <org.openmrs.Privilege reference="41"/>
          <org.openmrs.Privilege id="86" uuid="1b2622cc-c93b-43be-866c-cbe21ff777ce">
            <description>Able to edit Provider</description>
            <retired>false</retired>
            <privilege>Manage Providers</privilege>
          </org.openmrs.Privilege>
          <org.openmrs.Privilege reference="43"/>
          <org.openmrs.Privilege reference="44"/>
          <org.openmrs.Privilege reference="45"/>
          <org.openmrs.Privilege reference="65"/>
          <org.openmrs.Privilege reference="66"/>
          <org.openmrs.Privilege reference="11"/>
          <org.openmrs.Privilege reference="67"/>
          <org.openmrs.Privilege reference="13"/>
          <org.openmrs.Privilege reference="14"/>
          <org.openmrs.Privilege reference="68"/>
          <org.openmrs.Privilege reference="15"/>
          <org.openmrs.Privilege reference="16"/>
          <org.openmrs.Privilege reference="18"/>
          <org.openmrs.Privilege reference="69"/>
          <org.openmrs.Privilege reference="22"/>
          <org.openmrs.Privilege reference="21"/>
          <org.openmrs.Privilege id="87" uuid="c806e042-92f3-11e6-9116-080027178840">
            <description>Able to view patient cohorts</description>
            <retired>false</retired>
            <privilege>View Patient Cohorts</privilege>
          </org.openmrs.Privilege>
          <org.openmrs.Privilege reference="70"/>
          <org.openmrs.Privilege reference="24"/>
          <org.openmrs.Privilege reference="23"/>
          <org.openmrs.Privilege reference="26"/>
          <org.openmrs.Privilege reference="29"/>
          <org.openmrs.Privilege reference="71"/>
          <org.openmrs.Privilege reference="30"/>
          <org.openmrs.Privilege reference="72"/>
          <org.openmrs.Privilege reference="73"/>
          <org.openmrs.Privilege reference="35"/>
          <org.openmrs.Privilege reference="36"/>
          <org.openmrs.Privilege reference="37"/>
          <org.openmrs.Privilege reference="39"/>
          <org.openmrs.Privilege reference="42"/>
          <org.openmrs.Privilege reference="74"/>
          <org.openmrs.Privilege id="88" uuid="3e880a1a-f44e-45b7-a142-6696200479ae">
            <description>Able to delete visits</description>
            <retired>false</retired>
            <privilege>Delete Visits</privilege>
          </org.openmrs.Privilege>
        </privileges>
        <inheritedRoles id="89"/>
        <childRoles id="90"/>
      </org.openmrs.Role>
    </roles>
    <displayPoints id="91">
      <org.openmrs.module.patientflags.DisplayPoint reference="49"/>
    </displayPoints>
  </org.openmrs.module.patientflags.Tag>
</list>
